row_key,n_sentences,n_words,est_read_seconds,overall_sentiment,turning_point,arc,confidence,notes
71df0890e3,28,377,90,neu,2,tragic,5,
64e24b4bec,86,1826,438,neu,69,flat,4,
8508e19d79,7,131,31,neu,2,redemptive,3,
12aab7dc99,37,907,218,neu,11,flat,3,
4c3e7b40c2,42,395,95,neu,42,flat,5,
e97e10190b,17,556,133,neu,13,redemptive,4,
af5946dc7d,6,153,37,pos,5,redemptive,4,
b821f35788,21,406,97,neu,2,tragic,4,
e8f2d49598,16,265,64,neu,11,tragic,3,
29fd5d8fc7,15,220,53,neu,2,redemptive,5,
fb2b87a019,30,444,107,neu,19,flat,3,
9f057a18f5,10,114,27,pos,10,flat,3,
90d8b43cb9,33,509,122,pos,25,redemptive,5,
6747a7c0fb,9,183,44,pos,9,redemptive,4,
1483fc6b5c,13,193,46,pos,13,tragic,5,
70047be7ac,41,901,216,pos,41,redemptive,5,
4759ba686f,116,2089,501,neu,38,flat,5,
f5e0bd5f5b,36,860,206,pos,15,flat,4,
adb20f518f,18,706,169,neu,15,redemptive,3,
b338690ba9,3,81,19,neg,3,redemptive,2,
780473c9fd,21,419,101,neu,4,redemptive,3,
a997f67944,58,1019,245,neu,33,flat,5,
f37b9af1f5,114,1379,331,neu,101,redemptive,5,
ab5212be35,25,430,103,pos,8,redemptive,4,
65e9f46d3f,6,75,18,pos,6,redemptive,5,
06238eb1be,4,132,32,pos,3,tragic,2,
f3decb656a,14,255,61,neg,12,tragic,3,
c9c08be90d,129,1448,348,neu,119,flat,5,
d70d76e701,30,813,195,pos,17,flat,4,
6a36fc9a7f,63,1461,351,neu,53,redemptive,5,
e8415ffe31,5,203,49,neu,2,tragic,4,
bb3166f8a3,15,210,50,neu,10,redemptive,3,
16634b12ff,18,314,75,pos,18,flat,4,
ea9de293de,56,991,238,neu,2,flat,4,
685e6b5354,38,467,112,pos,5,redemptive,3,
c3567f229a,21,281,67,neu,17,flat,4,
6e48651b3a,5,67,16,neu,4,redemptive,3,
169bcac0e8,81,1222,293,neu,10,flat,4,
819bdd2e4e,17,267,64,neu,17,redemptive,4,
d496423c82,3,56,13,pos,3,tragic,3,
c835ade886,81,1099,264,neg,6,flat,5,
2e4bc0757d,4,116,28,pos,4,redemptive,3,
72710205bf,10,187,45,pos,10,redemptive,3,
f0c330d7c1,11,123,30,pos,11,redemptive,5,
1d3a12e817,26,315,76,pos,6,redemptive,3,
0b6bec810e,42,737,177,pos,30,flat,5,
96cd012708,30,548,132,pos,2,redemptive,4,
5f4e3e94cf,57,821,197,neu,40,flat,4,
a4a35c8e60,59,987,237,neu,49,flat,4,
630fc5d8d0,16,291,70,pos,2,redemptive,4,
71ca061191,122,2256,541,neu,76,flat,4,
4eed138d82,10,221,53,neu,3,redemptive,4,
449f6ea850,10,199,48,pos,5,redemptive,4,
9ccd7ff9a6,15,241,58,neu,10,flat,4,
5ae9489b0e,14,220,53,neu,13,tragic,4,
c21d1590f1,52,1080,259,neu,37,redemptive,4,
d39d035272,45,1166,280,pos,11,redemptive,4,
0b1f09c24d,34,751,180,neu,34,tragic,4,
7b8c890737,54,928,223,neu,26,flat,4,
af114d6f7d,8,124,30,pos,6,tragic,3,
d7699a2f04,12,242,58,neu,6,redemptive,3,
0c68e2f1c1,14,246,59,pos,13,redemptive,4,
cbfdc0f794,38,901,216,neg,37,flat,4,
0e9da1521a,25,473,114,neu,18,flat,3,
d84d1a65e1,26,544,131,pos,19,redemptive,4,
e4e1ffb538,21,390,94,neu,9,flat,4,
969c8a3b16,22,438,105,neu,16,flat,3,
f8f496af85,41,674,162,neu,39,redemptive,5,
1e2620406d,6,93,22,pos,4,redemptive,4,
31dc731b6a,59,944,227,pos,45,flat,5,
ab665eb389,26,238,57,pos,2,redemptive,5,
2fb7f6dff8,6,73,18,pos,6,redemptive,4,
dc3ecc520d,93,1191,286,pos,78,flat,4,
527247e38c,17,312,75,neu,9,tragic,3,
ab10cebf9c,119,2811,675,neu,118,flat,5,
c60dd05f12,13,283,68,pos,2,flat,5,
978609b5e3,23,313,75,neu,22,tragic,4,
e56454432b,41,736,177,neu,4,flat,4,
45b038eb90,43,425,102,neu,10,redemptive,3,
12f6aefd4e,41,637,153,neu,5,flat,4,
7b9ec581e0,10,145,35,neg,9,tragic,4,
a5c6241787,20,329,79,pos,18,redemptive,4,
550ed7c713,69,1690,406,pos,58,redemptive,4,
93ba5f7636,21,512,123,neu,19,redemptive,3,
b9f08537ad,16,258,62,pos,16,redemptive,4,
1766c939ae,22,348,84,neu,16,redemptive,5,
11711b53a8,31,571,137,pos,19,flat,4,
f7a9d32034,27,426,102,neu,24,tragic,4,
1e3678c2c5,83,1295,311,neu,64,flat,4,
2464d3136a,22,303,73,pos,11,tragic,4,
44b80690eb,76,1471,353,neu,9,flat,4,
ff99684516,10,140,34,neu,8,flat,2,
01fb48645e,6,75,18,pos,6,redemptive,5,
475dd662c2,8,99,24,pos,8,redemptive,5,
ee738039b3,33,736,177,neu,19,flat,5,
b09be249f1,38,372,89,neu,24,redemptive,4,
789fee25db,50,929,223,pos,40,redemptive,4,
07d50d3f24,24,412,99,pos,20,redemptive,4,
175804c4b1,30,548,132,pos,2,redemptive,4,
b84fd8ffa5,18,289,69,pos,18,redemptive,5,
672c6ba19c,63,810,194,pos,58,flat,5,
71d03c57e9,10,112,27,neg,8,redemptive,4,
53b8cecf29,37,479,115,neu,15,redemptive,4,
c0adaf55f2,58,1019,245,neu,33,flat,5,
dbee87d7d9,12,225,54,pos,2,tragic,5,
a2e2f91612,18,465,112,neu,11,flat,4,
f0e6c5c3c8,13,163,39,neg,13,redemptive,5,
37d4187b59,34,420,101,neu,14,redemptive,3,
37ce03e5b6,42,395,95,neu,42,flat,5,
0ce92fe918,64,923,222,pos,5,flat,4,
166a23a9ad,36,441,106,neu,16,flat,3,
47e1c4d3f3,6,78,19,neu,6,redemptive,4,
47550da83f,56,991,238,neu,2,flat,4,
311b1e1ee1,33,467,112,neu,20,flat,4,
efc8a25323,20,442,106,pos,12,redemptive,4,
b937dda6dd,64,950,228,pos,52,flat,3,
a796128923,6,121,29,neu,3,tragic,3,
2cdb19958a,67,1251,300,neu,48,redemptive,4,
3483fbb45b,21,367,88,neu,17,flat,4,
6f3e543126,9,186,45,neu,7,flat,3,
28b7ca969f,18,198,48,pos,17,redemptive,3,
7ac556d1ac,20,423,102,neu,2,redemptive,4,
f46d6ffadf,38,901,216,neg,37,flat,4,
17c49279fb,16,291,70,pos,2,redemptive,4,
27fcb1816d,43,844,203,neu,36,redemptive,4,
c44da1e86e,32,544,131,neu,16,tragic,4,
48c2756022,34,810,194,neu,33,flat,4,
07835eccf0,48,548,132,neu,39,redemptive,3,
aa04f56125,8,175,42,neu,6,tragic,3,
88a5ef8780,9,103,25,neu,5,redemptive,3,
8c99a526f3,21,328,79,neu,20,redemptive,3,
603606dc72,9,190,46,neu,7,redemptive,3,
9ca842649f,63,704,169,neu,54,tragic,5,
c9d89e3121,11,287,69,neg,11,tragic,5,
93fb22f523,16,216,52,neu,7,redemptive,3,
235823d1c1,10,227,54,neg,10,tragic,4,
c9b62ac7d7,12,294,71,neu,12,redemptive,4,
f265f98a1f,26,407,98,neu,17,redemptive,4,
4cc9d80673,9,190,46,neg,9,tragic,4,
9eb0c4a14e,42,691,166,neu,6,tragic,3,
b236f84316,18,228,55,neu,17,tragic,3,
f12eb6a8b5,18,238,57,neg,2,redemptive,4,
39d0959643,38,372,89,neu,24,redemptive,4,
14ecfa8e74,25,538,129,neu,6,redemptive,4,
25a210f137,20,353,85,neu,20,tragic,4,
d901198afc,17,157,38,neu,10,redemptive,4,
92fe080a57,23,226,54,neu,23,redemptive,4,
161fd65790,63,1261,303,neu,32,redemptive,4,
88d99c86d7,9,181,43,pos,9,flat,3,
9b3eda6bd8,15,379,91,pos,13,redemptive,3,
3f06e1be0d,23,624,150,pos,11,redemptive,3,
52b94162a5,86,1327,318,pos,86,flat,5,
02eb3bbfe5,22,428,103,pos,4,flat,4,
ad9e5d3d6d,23,301,72,pos,5,tragic,5,
ba860f0d15,13,105,25,neu,7,tragic,2,
d32029d3b4,9,127,30,neg,7,tragic,5,
16435be58b,19,303,73,neu,19,flat,4,
30aeef9370,9,158,38,neu,9,redemptive,2,
13d0d20f20,9,164,39,neu,8,redemptive,4,
cbfa696d8f,176,2912,699,neu,67,flat,4,
9c1567a304,31,352,84,pos,15,tragic,4,
857a882c48,6,78,19,neu,6,redemptive,4,
2d81a594b8,14,238,57,pos,2,flat,3,
156a4394bb,4,60,14,pos,4,redemptive,4,
6692f38623,20,435,104,neu,8,redemptive,2,
62c67165c6,19,262,63,neg,18,tragic,5,
982cd081f2,15,226,54,pos,15,redemptive,5,
2ee0758bf1,29,427,102,neu,5,flat,3,
f64b480573,81,1222,293,neu,10,flat,4,
31738846c2,13,193,46,pos,13,flat,3,
32142733cd,9,183,44,pos,9,redemptive,4,
aed99ee591,35,292,70,neu,26,flat,4,
1722dae6c6,43,939,225,neu,12,flat,4,
c0fd98587d,30,667,160,neu,2,flat,3,
f95a0a480a,41,679,163,neu,9,flat,4,
4de267e3b1,44,498,120,pos,32,tragic,5,
458aee2ec6,21,530,127,pos,13,redemptive,3,
dde956071f,18,314,75,pos,18,flat,4,
d1842a7baa,14,246,59,pos,14,flat,4,
26fbf61ee6,29,532,128,neu,28,flat,4,
3f8338ac00,73,1124,270,neu,73,flat,4,
c6a4ebe0ff,37,667,160,pos,31,redemptive,4,
3882295a3f,17,349,84,pos,2,redemptive,4,
1f05ba4215,78,1383,332,pos,17,tragic,5,
d8ea42d6b0,8,98,24,neg,8,flat,3,
b8b535cb0d,20,303,73,neu,20,tragic,4,
ffc34d8563,26,514,123,neg,12,tragic,3,
2f9145cae4,27,426,102,neu,24,tragic,4,
dd66d91c51,7,99,24,neu,5,redemptive,4,
d9c7b2783c,37,759,182,neu,37,flat,3,
905719ee03,46,680,163,neu,21,flat,4,
25d4a92b25,23,431,103,neu,21,redemptive,4,
78fb16afd4,25,610,146,neu,20,tragic,4,
19e6f54c46,12,207,50,pos,4,flat,3,
bf0381530d,68,1352,324,pos,48,flat,4,
70a8ecfcae,85,2123,510,pos,76,redemptive,4,
98acaee135,13,163,39,neg,13,redemptive,5,
fb8c8047b2,6,86,21,neu,6,flat,2,
6356357d48,3,56,13,pos,3,tragic,3,
5027b05fda,15,280,67,neu,9,flat,4,
a6720fdbb5,18,270,65,pos,16,redemptive,3,
ecaf4e462e,26,407,98,neu,17,redemptive,4,
2906697f6e,20,386,93,neu,19,redemptive,4,
8fee93a95d,9,127,30,neg,7,tragic,5,
fe02cef080,17,218,52,neu,14,tragic,4,
c0a9626966,14,266,64,neu,13,flat,3,
8b79784b9b,37,777,186,pos,27,redemptive,5,
146dc0676b,19,338,81,pos,19,redemptive,5,
49a0eb10f2,35,563,135,neu,35,flat,4,
f33b9c83f7,19,303,73,neu,19,flat,4,
14d37c2a02,18,304,73,neu,15,flat,3,
7ad90849e9,29,405,97,pos,29,redemptive,5,
50fd50f8a0,20,435,104,neu,8,redemptive,2,
105dae9066,43,702,168,neg,4,flat,4,
372b3eb91d,14,145,35,neg,14,tragic,4,
a46c24b0b6,76,2017,484,neu,65,flat,4,
c0cd27de58,9,190,46,neg,9,tragic,4,
f699bbfd8e,4,73,18,neu,4,redemptive,2,
6df5646bb2,133,1477,354,neu,72,flat,5,
6eb7934bd3,24,291,70,neg,17,redemptive,3,
