slot,id,is_repeat,overall_sentiment,turning_point,arc,confidence,notes,seconds,wall_seconds,revisions,scrolled_to_end,saved_at,entry_method
0,relationships_3g6btr,0,neg,3,tragic,2,,0,0,0,0,2026-08-29T20:42:28,offline
1,relationship_advice_ho0thi,0,neg,3,flat,1,,0,0,0,0,2026-08-29T20:42:28,offline
2,relationship_advice_ezivwn,0,pos,7,flat,4,,0,0,0,0,2026-08-29T20:42:28,offline
3,relationships_36j7ta,0,neu,37,flat,3,,0,0,0,0,2026-08-29T20:42:28,offline
4,confession_1ib028f,0,neg,0,redemptive,3,,0,0,0,0,2026-08-29T20:42:28,offline
5,relationships_vbmdcu,0,pos,17,flat,5,,0,0,0,0,2026-08-29T20:42:28,offline
6,relationships_4emd76,0,neu,6,flat,3,,0,0,0,0,2026-08-29T20:42:28,offline
7,relationship_advice_hkx57u,0,pos,0,flat,5,,0,0,0,0,2026-08-29T20:42:28,offline
8,emotionalsupport_ln6yo1,0,neu,0,flat,4,,0,0,0,0,2026-08-29T20:42:28,offline
9,confession_d0325z,0,neg,8,tragic,5,,0,0,0,0,2026-08-29T20:42:28,offline
10,BreakUps_1m6ab3f,0,neu,1,flat,4,,0,0,0,0,2026-08-29T20:42:28,offline
11,survivinginfidelity_jncgbr,0,neg,1,redemptive,2,,0,0,0,0,2026-08-29T20:42:28,offline
12,BreakUps_1f7fsyc,0,neu,4,redemptive,5,,0,0,0,0,2026-08-29T20:42:28,offline
13,BreakUps_1ohil2d,0,neu,4,flat,4,,0,0,0,0,2026-08-29T20:42:28,offline
14,emotionalsupport_ff4ysa,0,neu,3,flat,2,,0,0,0,0,2026-08-29T20:42:28,offline
15,relationships_3as7za,0,pos,0,flat,4,,0,0,0,0,2026-08-29T20:42:28,offline
16,confession_1ke41lp,0,neu,0,flat,5,,0,0,0,0,2026-08-29T20:42:28,offline
17,relationship_advice_htk8ia,0,pos,1,tragic,5,,0,0,0,0,2026-08-29T20:42:28,offline
18,relationships_kqkj9c,0,neu,18,flat,3,,0,0,0,0,2026-08-29T20:42:28,offline
19,BreakUps_o9ob5s,0,neu,7,flat,4,,0,0,0,0,2026-08-29T20:42:28,offline
20,relationship_advice_csw8po,0,neg,1,flat,2,,0,0,0,0,2026-08-29T20:42:28,offline
21,emotionalsupport_187t8hc,0,neu,3,redemptive,4,,0,0,0,0,2026-08-29T20:42:28,offline
22,relationship_advice_a3bk8v,0,neu,21,flat,4,,0,0,0,0,2026-08-29T20:42:28,offline
23,survivinginfidelity_m1yt7s,0,neg,8,redemptive,3,,0,0,0,0,2026-08-29T20:42:28,offline
24,relationships_hbckl2,0,pos,0,redemptive,3,,0,0,0,0,2026-08-29T20:42:28,offline
25,relationships_9fxw4r,0,neu,13,flat,4,,0,0,0,0,2026-08-29T20:42:28,offline
26,relationships_508aoi,0,neu,22,tragic,4,,0,0,0,0,2026-08-29T20:42:28,offline
27,BreakUps_j9s8pw,0,neu,0,flat,3,,0,0,0,0,2026-08-29T20:42:28,offline
28,relationship_advice_g9j503,0,neu,1,flat,4,,0,0,0,0,2026-08-29T20:42:28,offline
29,BreakUps_ekuw9z,0,neu,24,flat,3,,0,0,0,0,2026-08-29T20:42:28,offline
30,relationships_j267bi,0,neu,9,flat,5,,0,0,0,0,2026-08-29T20:42:28,offline
31,confession_adidj1,0,neu,10,flat,3,,0,0,0,0,2026-08-29T20:42:28,offline
32,hj921t,0,neu,1,flat,3,,0,0,0,0,2026-08-29T20:42:28,offline
33,survivinginfidelity_1pk43m0,0,neg,6,redemptive,1,,0,0,0,0,2026-08-29T20:42:28,offline
34,survivinginfidelity_m47t0h,0,neg,20,tragic,2,,0,0,0,0,2026-08-29T20:42:28,offline
35,survivinginfidelity_knqyae,0,neg,1,flat,1,,0,0,0,0,2026-08-29T20:42:28,offline
36,BreakUps_orh8up,0,pos,0,tragic,5,,0,0,0,0,2026-08-29T20:42:28,offline
37,emotionalsupport_sbkz69,0,neu,1,redemptive,5,,0,0,0,0,2026-08-29T20:42:28,offline
38,relationship_advice_j0r8au,0,pos,0,redemptive,4,,0,0,0,0,2026-08-29T20:42:28,offline
39,survivinginfidelity_mya1a5,0,neg,3,flat,3,,0,0,0,0,2026-08-29T20:42:28,offline
40,1cqqp4l,0,neg,0,redemptive,2,,0,0,0,0,2026-08-29T20:42:28,offline
41,confession_83rn0w,0,neu,4,redemptive,4,,0,0,0,0,2026-08-29T20:42:28,offline
42,confession_9v3zc8,0,neu,10,tragic,4,,0,0,0,0,2026-08-29T20:42:28,offline
43,survivinginfidelity_mbcwld,0,neg,31,flat,2,,0,0,0,0,2026-08-29T20:42:28,offline
44,relationship_advice_fwog3j,0,pos,20,redemptive,4,,0,0,0,0,2026-08-29T20:42:28,offline
45,bty3oi,0,neg,2,flat,3,,0,0,0,0,2026-08-29T20:42:28,offline
46,relationship_advice_dicrrh,0,neu,11,flat,4,,0,0,0,0,2026-08-29T20:42:28,offline
47,b78m0s,0,neu,42,tragic,3,,0,0,0,0,2026-08-29T20:42:28,offline
48,relationships_4uxn4r,0,neg,0,tragic,2,,0,0,0,0,2026-08-29T20:42:28,offline
49,relationships_x51v9y,0,pos,2,redemptive,4,,0,0,0,0,2026-08-29T20:42:28,offline
50,confession_cetye8,0,neu,2,flat,4,,0,0,0,0,2026-08-29T20:42:28,offline
51,survivinginfidelity_ljvlvo,0,pos,0,tragic,5,,0,0,0,0,2026-08-29T20:42:28,offline
52,BreakUps_1ewjt4h,0,neu,21,flat,4,,0,0,0,0,2026-08-29T20:42:28,offline
53,survivinginfidelity_lj79or,0,neu,10,flat,3,,0,0,0,0,2026-08-29T20:42:28,offline
54,survivinginfidelity_k4prct,0,neg,2,tragic,1,,0,0,0,0,2026-08-29T20:42:28,offline
55,confession_1iundet,0,neu,5,flat,4,,0,0,0,0,2026-08-29T20:42:28,offline
56,survivinginfidelity_kmjfuo,0,neg,1,tragic,1,,0,0,0,0,2026-08-29T20:42:28,offline
57,d2trgo,0,neg,18,tragic,3,,0,0,0,0,2026-08-29T20:42:28,offline
58,BreakUps_1jfppdh,0,neg,21,flat,3,,0,0,0,0,2026-08-29T20:42:28,offline
59,relationship_advice_fs938m,0,neg,20,flat,3,,0,0,0,0,2026-08-29T20:42:28,offline
60,BreakUps_1ji336c,0,neu,7,redemptive,5,,0,0,0,0,2026-08-29T20:42:28,offline
61,emotionalsupport_hqoqy1,0,pos,4,redemptive,5,,0,0,0,0,2026-08-29T20:42:28,offline
62,confession_1ke8hgy,0,neg,11,tragic,2,,0,0,0,0,2026-08-29T20:42:28,offline
63,relationship_advice_fg0h4o,0,neg,1,flat,2,,0,0,0,0,2026-08-29T20:42:28,offline
64,emotionalsupport_osbv1c,0,pos,0,flat,2,,0,0,0,0,2026-08-29T20:42:28,offline
65,relationship_advice_hyx61u,0,pos,21,redemptive,5,,0,0,0,0,2026-08-29T20:42:28,offline
66,relationship_advice_beskkf,0,neg,8,redemptive,1,,0,0,0,0,2026-08-29T20:42:28,offline
67,confession_1ohtx82,0,neg,9,flat,1,,0,0,0,0,2026-08-29T20:42:28,offline
68,heartbreak_146yccj,0,neg,5,tragic,1,,0,0,0,0,2026-08-29T20:42:28,offline
69,survivinginfidelity_or7aqq,0,neu,9,redemptive,4,,0,0,0,0,2026-08-29T20:42:28,offline
70,emotionalsupport_mao6tv,0,neu,3,redemptive,4,,0,0,0,0,2026-08-29T20:42:28,offline
71,survivinginfidelity_woblua,0,neg,1,flat,3,,0,0,0,0,2026-08-29T20:42:28,offline
72,bm1ivc,0,neg,12,tragic,1,,0,0,0,0,2026-08-29T20:42:28,offline
73,relationship_advice_iygsli,0,neg,20,tragic,2,,0,0,0,0,2026-08-29T20:42:28,offline
74,relationships_3wsxij,0,neu,5,flat,2,,0,0,0,0,2026-08-29T20:42:28,offline
75,iv4i4r,0,neu,1,flat,4,,0,0,0,0,2026-08-29T20:42:28,offline
76,survivinginfidelity_b8jzj8,0,neg,0,tragic,1,,0,0,0,0,2026-08-29T20:42:28,offline
77,relationships_d6brma,0,neg,3,flat,2,,0,0,0,0,2026-08-29T20:42:28,offline
78,fi9zhr,0,neg,4,tragic,2,,0,0,0,0,2026-08-29T20:42:28,offline
79,emotionalsupport_kipjgh,0,neg,8,tragic,5,,0,0,0,0,2026-08-29T20:42:28,offline
80,BreakUps_orh8up,1,pos,1,tragic,5,,0,0,0,0,2026-08-29T20:42:28,offline
81,relationship_advice_fbpotp,0,neg,12,flat,2,,0,0,0,0,2026-08-29T20:42:28,offline
82,survivinginfidelity_k98f2p,0,neg,1,redemptive,3,,0,0,0,0,2026-08-29T20:42:28,offline
83,emotionalsupport_snh016,0,neu,0,tragic,3,,0,0,0,0,2026-08-29T20:42:28,offline
84,relationships_2oi4im,0,neu,1,flat,4,,0,0,0,0,2026-08-29T20:42:28,offline
85,BreakUps_qf88o0,0,neu,1,redemptive,3,,0,0,0,0,2026-08-29T20:42:28,offline
86,survivinginfidelity_o4vyhp,0,pos,0,redemptive,5,,0,0,0,0,2026-08-29T20:42:28,offline
87,BreakUps_jyehio,0,pos,8,redemptive,5,,0,0,0,0,2026-08-29T20:42:28,offline
88,relationship_advice_eiyhsn,0,neu,18,flat,4,,0,0,0,0,2026-08-29T20:42:28,offline
89,relationships_4emd76,1,neu,1,flat,3,,0,0,0,0,2026-08-29T20:42:28,offline
90,ikfcj7,0,neu,10,flat,4,,0,0,0,0,2026-08-29T20:42:28,offline
91,BreakUps_rojpf5,0,neu,0,flat,2,,0,0,0,0,2026-08-29T20:42:28,offline
92,survivinginfidelity_sqyg8g,0,neu,4,tragic,4,,0,0,0,0,2026-08-29T20:42:28,offline
93,confession_1nt26tk,0,neu,7,flat,4,,0,0,0,0,2026-08-29T20:42:28,offline
94,relationships_a54mgo,0,neu,37,flat,1,,0,0,0,0,2026-08-29T20:42:28,offline
95,BreakUps_10rmemk,0,neu,1,tragic,5,,0,0,0,0,2026-08-29T20:42:28,offline
96,survivinginfidelity_lqx70j,0,neu,1,redemptive,4,,0,0,0,0,2026-08-29T20:42:28,offline
97,a4ygtg,0,neu,10,redemptive,4,,0,0,0,0,2026-08-29T20:42:28,offline
98,BreakUps_11zh2uj,0,pos,1,flat,4,,0,0,0,0,2026-08-29T20:42:28,offline
99,survivinginfidelity_lwzyc9,0,neg,1,redemptive,4,,0,0,0,0,2026-08-29T20:42:28,offline
100,relationship_advice_hk02fz,0,neg,4,tragic,1,,0,0,0,0,2026-08-29T20:42:28,offline
101,relationships_g7x81m,0,neg,67,flat,1,,0,0,0,0,2026-08-29T20:42:28,offline
102,d2trgo,1,neg,0,tragic,3,,0,0,0,0,2026-08-29T20:42:28,offline
103,BreakUps_b9aqih,0,neu,0,flat,4,,0,0,0,0,2026-08-29T20:42:28,offline
104,fn2thu,0,neu,12,flat,4,,0,0,0,0,2026-08-29T20:42:28,offline
105,relationships_nhr3yo,0,neg,0,flat,1,,0,0,0,0,2026-08-29T20:42:28,offline
106,relationship_advice_j4gqfv,0,neu,13,flat,5,,0,0,0,0,2026-08-29T20:42:28,offline
107,survivinginfidelity_k8eo4d,0,neu,0,flat,4,,0,0,0,0,2026-08-29T20:42:28,offline
108,relationships_52902t,0,neu,2,tragic,5,,0,0,0,0,2026-08-29T20:42:28,offline
109,survivinginfidelity_jjqevb,0,neu,3,redemptive,3,,0,0,0,0,2026-08-29T20:42:28,offline
110,emotionalsupport_jsqkvn,0,neg,0,flat,3,,0,0,0,0,2026-08-29T20:42:28,offline
111,relationship_advice_ihoydd,0,neu,6,flat,5,,0,0,0,0,2026-08-29T20:42:28,offline
112,survivinginfidelity_kagcp5,0,neg,56,tragic,3,,0,0,0,0,2026-08-29T20:42:28,offline
113,relationships_h8d3uh,0,neg,11,redemptive,2,,0,0,0,0,2026-08-29T20:42:28,offline
114,BreakUps_f3jm73,0,neg,0,tragic,1,,0,0,0,0,2026-08-29T20:42:28,offline
115,relationships_qb0cip,0,neg,18,redemptive,2,,0,0,0,0,2026-08-29T20:42:28,offline
116,emotionalsupport_1ib1hiy,0,neu,5,redemptive,4,,0,0,0,0,2026-08-29T20:42:28,offline
117,survivinginfidelity_ht9k47,0,neu,1,redemptive,5,,0,0,0,0,2026-08-29T20:42:28,offline
118,BreakUps_1e0fccv,0,neg,37,flat,3,,0,0,0,0,2026-08-29T20:42:28,offline
119,BreakUps_1mrx5up,0,neu,1,flat,5,,0,0,0,0,2026-08-29T20:42:28,offline
120,survivinginfidelity_lj79or,1,neu,7,flat,3,,0,0,0,0,2026-08-29T20:42:28,offline
121,emotionalsupport_dvoje9,0,neu,1,tragic,4,,0,0,0,0,2026-08-29T20:42:28,offline
122,relationship_advice_fd6kbb,0,neu,1,redemptive,4,,0,0,0,0,2026-08-29T20:42:28,offline
123,relationship_advice_igdkyo,0,neu,16,flat,4,,0,0,0,0,2026-08-29T20:42:28,offline
124,emotionalsupport_1h0ble1,0,pos,0,redemptive,4,,0,0,0,0,2026-08-29T20:42:28,offline
125,relationship_advice_g6tgz5,0,neg,22,tragic,3,,0,0,0,0,2026-08-29T20:42:28,offline
126,relationships_b5qsvw,0,neg,1,tragic,4,,0,0,0,0,2026-08-29T20:42:28,offline
127,survivinginfidelity_knqyae,1,neg,1,flat,1,,0,0,0,0,2026-08-29T20:42:28,offline
128,di16ij,0,neg,11,redemptive,1,,0,0,0,0,2026-08-29T20:42:28,offline
129,emotionalsupport_1khfn63,0,neu,4,flat,4,,0,0,0,0,2026-08-29T20:42:28,offline
130,bsfbde,0,neu,0,flat,5,,0,0,0,0,2026-08-29T20:42:28,offline
131,relationship_advice_ac9740,0,pos,0,redemptive,5,,0,0,0,0,2026-08-29T20:42:28,offline
132,survivinginfidelity_kvwgyo,0,neg,5,redemptive,3,,0,0,0,0,2026-08-29T20:42:28,offline
133,BreakUps_1h0jyj3,0,pos,1,tragic,2,,0,0,0,0,2026-08-29T20:42:28,offline
134,relationships_j2hohg,0,pos,4,redemptive,4,,0,0,0,0,2026-08-29T20:42:28,offline
135,confession_1nlun70,0,pos,0,flat,2,,0,0,0,0,2026-08-29T20:42:28,offline
136,relationship_advice_iperqj,0,pos,0,flat,4,,0,0,0,0,2026-08-29T20:42:28,offline
137,relationship_advice_ghqrce,0,neg,1,tragic,1,,0,0,0,0,2026-08-29T20:42:28,offline
138,relationships_ckccmq,0,pos,10,redemptive,5,,0,0,0,0,2026-08-29T20:42:28,offline
139,survivinginfidelity_or7aqq,1,neu,9,redemptive,4,,0,0,0,0,2026-08-29T20:42:28,offline
140,h015k3,0,neu,1,flat,3,,0,0,0,0,2026-08-29T20:42:28,offline
141,BreakUps_1kdlrtr,0,pos,0,redemptive,5,,0,0,0,0,2026-08-29T20:42:28,offline
142,survivinginfidelity_13e6xnr,0,pos,38,flat,3,,0,0,0,0,2026-08-29T20:42:28,offline
143,confession_1pv4llv,0,pos,4,flat,5,,0,0,0,0,2026-08-29T20:42:28,offline
144,BreakUps_10eu5ya,0,neu,4,tragic,3,,0,0,0,0,2026-08-29T20:42:28,offline
145,relationships_ik8t0r,0,neg,0,redemptive,2,,0,0,0,0,2026-08-29T20:42:28,offline
146,ebj5gl,0,neu,15,flat,4,,0,0,0,0,2026-08-29T20:42:28,offline
147,relationship_advice_b8kigy,0,neu,2,flat,5,,0,0,0,0,2026-08-29T20:42:28,offline
148,relationships_9jxf3j,0,neu,0,flat,5,,0,0,0,0,2026-08-29T20:42:28,offline
149,relationship_advice_hk02fz,1,neg,2,tragic,1,,0,0,0,0,2026-08-29T20:42:28,offline
150,survivinginfidelity_koz3nd,0,pos,10,redemptive,5,,0,0,0,0,2026-08-29T20:42:28,offline
151,BreakUps_1ji336c,1,neu,9,redemptive,5,,0,0,0,0,2026-08-29T20:42:28,offline
152,confession_1hlbfrw,0,neu,15,flat,3,,0,0,0,0,2026-08-29T20:42:28,offline
153,confession_8yilkx,0,neu,1,flat,3,,0,0,0,0,2026-08-29T20:42:28,offline
154,emotionalsupport_p7ot3q,0,neu,0,flat,4,,0,0,0,0,2026-08-29T20:42:28,offline
155,relationship_advice_id1f5u,0,neg,6,tragic,3,,0,0,0,0,2026-08-29T20:42:28,offline
156,emotionalsupport_ln6yo1,1,neu,1,flat,4,,0,0,0,0,2026-08-29T20:42:28,offline
157,1707opw,0,neg,0,flat,2,,0,0,0,0,2026-08-29T20:42:28,offline
158,relationships_9aojry,0,neg,1,tragic,3,,0,0,0,0,2026-08-29T20:42:28,offline
159,relationships_beku6e,0,pos,22,redemptive,4,,0,0,0,0,2026-08-29T20:42:28,offline
160,emotionalsupport_1nx0f34,0,neu,2,flat,5,,0,0,0,0,2026-08-29T20:42:28,offline
161,BreakUps_1lw89gx,0,neu,3,redemptive,3,,0,0,0,0,2026-08-29T20:42:28,offline
162,relationship_advice_c225le,0,pos,0,flat,4,,0,0,0,0,2026-08-29T20:42:28,offline
163,relationship_advice_ipmhqp,0,neu,1,flat,3,,0,0,0,0,2026-08-29T20:42:28,offline
164,confession_dyybb4,0,neg,5,tragic,4,,0,0,0,0,2026-08-29T20:42:28,offline
165,confession_1kei8hh,0,neu,0,tragic,3,,0,0,0,0,2026-08-29T20:42:28,offline
166,emotionalsupport_sbkz69,1,neu,1,redemptive,5,,0,0,0,0,2026-08-29T20:42:28,offline
167,c5rn6a,0,neg,0,tragic,2,,0,0,0,0,2026-08-29T20:42:28,offline
168,relationship_advice_cdzjre,0,neg,27,redemptive,1,,0,0,0,0,2026-08-29T20:42:28,offline
169,relationships_96htm9,0,neg,4,redemptive,2,,0,0,0,0,2026-08-29T20:42:28,offline
170,emotionalsupport_dvoje9,1,neu,0,tragic,4,,0,0,0,0,2026-08-29T20:42:28,offline
171,relationships_3cfcsg,0,neu,35,flat,3,,0,0,0,0,2026-08-29T20:42:28,offline
172,emotionalsupport_lz2rga,0,pos,12,redemptive,3,,0,0,0,0,2026-08-29T20:42:28,offline
173,survivinginfidelity_o1seb6,0,neg,0,tragic,2,,0,0,0,0,2026-08-29T20:42:28,offline
174,confession_1mfd8hs,0,neu,0,flat,4,,0,0,0,0,2026-08-29T20:42:28,offline
175,emotionalsupport_spw6es,0,pos,0,flat,1,,0,0,0,0,2026-08-29T20:42:28,offline
176,8m4kd4,0,neu,12,tragic,3,,0,0,0,0,2026-08-29T20:42:28,offline
177,relationships_bio854,0,neu,1,flat,4,,0,0,0,0,2026-08-29T20:42:28,offline
178,hn7qho,0,neg,10,flat,5,,0,0,0,0,2026-08-29T20:42:28,offline
179,relationship_advice_j4gqfv,1,neu,0,flat,5,,0,0,0,0,2026-08-29T20:42:28,offline
180,relationship_advice_b1tpdw,0,neg,1,tragic,1,,0,0,0,0,2026-08-29T20:42:28,offline
181,emotionalsupport_ly0v3v,0,neg,1,flat,1,,0,0,0,0,2026-08-29T20:42:28,offline
182,survivinginfidelity_ifwebp,0,neu,2,redemptive,5,,0,0,0,0,2026-08-29T20:42:28,offline
183,fn2thu,1,neu,22,flat,4,,0,0,0,0,2026-08-29T20:42:28,offline
184,BreakUps_1n7qgrj,0,neu,0,flat,4,,0,0,0,0,2026-08-29T20:42:28,offline
185,relationships_c5gpv6,0,neg,2,flat,3,,0,0,0,0,2026-08-29T20:42:28,offline
186,bsfbde,1,neu,1,flat,5,,0,0,0,0,2026-08-29T20:42:28,offline
187,survivinginfidelity_j9z1it,0,neg,9,tragic,2,,0,0,0,0,2026-08-29T20:42:28,offline
188,emotionalsupport_10jyj2q,0,neu,3,redemptive,3,,0,0,0,0,2026-08-29T20:42:28,offline
189,confession_c2qe5f,0,neu,2,flat,1,,0,0,0,0,2026-08-29T20:42:28,offline
190,emotionalsupport_j5mhue,0,neg,0,redemptive,3,,0,0,0,0,2026-08-29T20:42:28,offline
191,BreakUps_1e0fccv,1,neg,1,flat,3,,0,0,0,0,2026-08-29T20:42:28,offline
192,confession_1in54rz,0,neg,1,flat,3,,0,0,0,0,2026-08-29T20:42:28,offline
193,relationship_advice_e6fs4c,0,pos,8,redemptive,3,,0,0,0,0,2026-08-29T20:42:28,offline
194,confession_fcyfxr,0,neg,3,flat,1,,0,0,0,0,2026-08-29T20:42:28,offline
195,BreakUps_lmzdb9,0,neu,17,flat,4,,0,0,0,0,2026-08-29T20:42:28,offline
196,j3u0ud,0,pos,1,redemptive,3,,0,0,0,0,2026-08-29T20:42:28,offline
197,relationships_6pgxrs,0,neu,6,flat,1,,0,0,0,0,2026-08-29T20:42:28,offline
198,relationship_advice_etbkyi,0,neg,1,flat,1,,0,0,0,0,2026-08-29T20:42:28,offline
199,relationship_advice_imd5s4,0,neg,12,flat,3,,0,0,0,0,2026-08-29T20:42:28,offline
200,relationship_advice_hzps4h,0,neg,10,redemptive,1,,0,0,0,0,2026-08-29T20:42:28,offline
201,relationships_8vxusi,0,neu,2,redemptive,4,,0,0,0,0,2026-08-29T20:42:28,offline
202,14dif6a,0,neu,0,tragic,4,,0,0,0,0,2026-08-29T20:42:28,offline
203,BreakUps_1lvi4gb,0,neg,0,tragic,5,,0,0,0,0,2026-08-29T20:42:28,offline
204,relationships_9rknqb,0,neg,2,flat,4,,0,0,0,0,2026-08-29T20:42:28,offline
205,BreakUps_zknm3g,0,neu,14,redemptive,3,,0,0,0,0,2026-08-29T20:42:28,offline
206,relationship_advice_bkft0r,0,neu,2,flat,5,,0,0,0,0,2026-08-29T20:42:28,offline
207,relationship_advice_hi97h9,0,neg,12,tragic,1,,0,0,0,0,2026-08-29T20:42:28,offline
208,emotionalsupport_1khfn63,1,neu,0,flat,4,,0,0,0,0,2026-08-29T20:42:28,offline
209,relationships_ckccmq,1,pos,0,redemptive,5,,0,0,0,0,2026-08-29T20:42:28,offline
210,BreakUps_jyehio,1,pos,0,redemptive,5,,0,0,0,0,2026-08-29T20:42:28,offline
211,confession_c11din,0,neu,1,flat,5,,0,0,0,0,2026-08-29T20:42:28,offline
212,relationships_c7y2iu,0,neu,20,redemptive,4,,0,0,0,0,2026-08-29T20:42:28,offline
213,emotionalsupport_jvzw0t,0,pos,1,tragic,5,,0,0,0,0,2026-08-29T20:42:28,offline
214,relationships_4cyij0,0,neu,14,flat,3,,0,0,0,0,2026-08-29T20:42:28,offline
215,survivinginfidelity_kn6p1k,0,pos,0,redemptive,4,,0,0,0,0,2026-08-29T20:42:28,offline
216,BreakUps_ak9m5t,0,neg,0,redemptive,2,,0,0,0,0,2026-08-29T20:42:28,offline
217,relationships_9jxf3j,1,neu,4,flat,5,,0,0,0,0,2026-08-29T20:42:28,offline
218,relationship_advice_id1f5u,1,neg,30,tragic,3,,0,0,0,0,2026-08-29T20:42:28,offline
219,relationship_advice_b1izig,0,neu,1,flat,5,,0,0,0,0,2026-08-29T20:42:28,offline
