corpus,n_docs,n_nomatch,pct_nomatch,n_cancel,pct_cancel,n_nonzero,pct_nonzero,n_fires_score,fires_score_pct,n_fires_match,fires_match_pct,n_cancel_zero_weight_only,n_all,plef_all_f1,plef_all_lo,plef_all_hi,vader_all_f1,vader_all_lo,vader_all_hi,n_fired_score,plef_fired_score_f1,plef_fired_score_lo,plef_fired_score_hi,vader_fired_score_f1,vader_fired_score_lo,vader_fired_score_hi,n_fired_match,plef_fired_match_f1,plef_fired_match_lo,plef_fired_match_hi,vader_fired_match_f1,vader_fired_match_lo,vader_fired_match_hi,delta_all,delta_fired_score,delta_fired_match,fires_score_pct_labelled,fires_match_pct_labelled,band_1_9_score,band_1_9_match,band_10_19_score,band_10_19_match,band_20_39_score,band_20_39_match,band_40_79_score,band_40_79_match,band_80_159_score,band_80_159_match,band_160_319_score,band_160_319_match,band_320_1000000000_score,band_320_1000000000_match
dailydialog,101026,85513,84.645,139,0.138,15374,15.218,15374,15.218,15513,15.355,77,101026,0.419694,0.415185,0.423803,0.350166,0.346827,0.353475,15374,0.248724,0.242438,0.255341,0.313150,0.305047,0.320735,15513,0.253853,0.247451,0.260571,0.313112,0.304817,0.321632,0.069528,-0.064426,-0.059259,15.218,15.355,9.5,9.6,18.1,18.3,28.5,28.9,45.2,45.7,62.5,62.5,,,,
empathetic,19157,12061,62.959,57,0.298,7039,36.744,7039,36.744,7096,37.041,5,19157,0.563795,0.556480,0.570718,0.724219,0.717981,0.730507,7039,0.828036,0.819274,0.836736,0.811565,0.802505,0.820502,7096,0.824986,0.816238,0.833657,0.810412,0.801403,0.819398,-0.160424,0.016471,0.014574,36.744,37.041,23.8,23.9,36.2,36.3,42.4,43.0,56.6,58.2,,,,,,
goemotions,54263,39037,71.94,117,0.216,15109,27.844,15109,27.844,15226,28.06,52,54263,0.446877,0.442426,0.451313,0.580906,0.576705,0.584770,15109,0.474007,0.467787,0.480639,0.548762,0.540946,0.557062,15226,0.477804,0.471405,0.484515,0.549018,0.540946,0.557302,-0.134029,-0.074755,-0.071214,27.844,28.06,19.0,19.1,29.7,30.0,39.7,40.1,,,,,,,,
isear,7666,4639,60.514,21,0.274,3006,39.212,3006,39.212,3027,39.486,3,7666,0.629540,0.614431,0.644862,0.644823,0.632431,0.656972,3006,0.751552,0.731217,0.771328,0.712196,0.692171,0.731525,3027,0.751914,0.731598,0.771693,0.709629,0.689439,0.728793,-0.015283,0.039356,0.042285,39.212,39.486,16.0,16.1,31.0,31.2,50.5,50.8,68.2,69.0,83.3,83.3,,,,
meld,13708,12032,87.774,16,0.117,1660,12.11,1660,12.11,1676,12.226,4,13708,0.321404,0.313546,0.329091,0.404429,0.395829,0.412742,1660,0.371049,0.352925,0.389163,0.447012,0.423586,0.472190,1676,0.378788,0.359806,0.398450,0.445992,0.422328,0.468956,-0.083025,-0.075963,-0.067204,12.11,12.226,7.2,7.2,19.1,19.4,28.1,28.4,,,,,,,,
relationship,1308,37,2.829,4,0.306,1267,96.865,1267,96.865,1271,97.171,0,,,,,,,,,,,,,,,,,,,,,,,,,,,,,,,,,81.8,86.4,86.3,87.0,97.6,97.9,99.6,99.6
semeval2017,52806,40479,76.656,99,0.187,12228,23.156,12228,23.156,12327,23.344,42,52806,0.422675,0.417647,0.427447,0.540954,0.536545,0.545319,12228,0.457257,0.449392,0.465049,0.526847,0.517755,0.535285,12327,0.462798,0.454717,0.470603,0.526377,0.517260,0.534781,-0.118279,-0.069590,-0.063579,23.156,23.344,11.5,11.6,19.8,19.8,25.8,26.0,40.0,40.0,,,,,,
tweeteval,59899,46011,76.814,108,0.18,13780,23.005,13780,23.005,13888,23.186,46,59899,0.421233,0.416934,0.425567,0.541398,0.537189,0.545628,13780,0.444031,0.437226,0.450816,0.523695,0.515325,0.532422,13888,0.450523,0.443346,0.457700,0.523235,0.514939,0.531916,-0.120165,-0.079664,-0.072712,23.005,23.186,11.3,11.4,20.1,20.2,27.9,28.2,,,,,,,,
dev_relationship,200,6,3.0,1,0.5,193,96.5,193,96.5,194,97.0,0,,,,,,,,,,,,,,,,,,,,,,,,,,,,,,,,,,,83.3,87.5,98.3,98.3,100.0,100.0
min_eight,1308.0,37.0,2.829,4.0,0.117,1267.0,12.11,1267.0,12.11,1271.0,12.226,0.0,7666.0,0.321404,0.313546,0.329091,0.350166,0.346827,0.353475,1660.0,0.248724,0.242438,0.255341,0.313150,0.305047,0.320735,1676.0,0.253853,0.247451,0.260571,0.313112,0.304817,0.321632,-0.160424,-0.079664,-0.072712,12.11,12.226,7.200000,7.200000,18.100000,18.300000,25.800000,26.000000,40.000000,40.000000,62.500000,62.500000,97.600000,97.900000,99.600000,99.600000
max_eight,101026.0,85513.0,87.774,139.0,0.306,15374.0,96.865,15374.0,96.865,15513.0,97.171,77.0,101026.0,0.629540,0.614431,0.644862,0.724219,0.717981,0.730507,15374.0,0.828036,0.819274,0.836736,0.811565,0.802505,0.820502,15513.0,0.824986,0.816238,0.833657,0.810412,0.801403,0.819398,0.069528,0.039356,0.042285,39.212,39.486,23.800000,23.900000,36.200000,36.300000,50.500000,50.800000,81.800000,86.400000,86.300000,87.000000,97.600000,97.900000,99.600000,99.600000
min_three,13708.0,12032.0,71.94,16.0,0.117,1660.0,12.11,1660.0,12.11,1676.0,12.226,4.0,13708.0,0.321404,0.313546,0.329091,0.350166,0.346827,0.353475,1660.0,0.248724,0.242438,0.255341,0.313150,0.305047,0.320735,1676.0,0.253853,0.247451,0.260571,0.313112,0.304817,0.321632,-0.134029,-0.079664,-0.072712,12.11,12.226,7.2,7.2,18.1,18.3,25.8,26.0,40.000000,40.000000,62.500000,62.500000,,,,
max_three,101026.0,85513.0,87.774,139.0,0.216,15374.0,27.844,15374.0,27.844,15513.0,28.06,77.0,101026.0,0.446877,0.442426,0.451313,0.580906,0.576705,0.584770,15374.0,0.474007,0.467787,0.480639,0.548762,0.540946,0.557062,15513.0,0.477804,0.471405,0.484515,0.549018,0.540946,0.557302,0.069528,-0.064426,-0.059259,27.844,28.06,19.0,19.1,29.7,30.0,39.7,40.1,45.200000,45.700000,62.500000,62.500000,,,,
min_two,7666.0,4639.0,60.514,21.0,0.274,3006.0,36.744,3006.0,36.744,3027.0,37.041,3.0,7666.0,0.563795,0.556480,0.570718,0.644823,0.632431,0.656972,3006.0,0.751552,0.731217,0.771328,0.712196,0.692171,0.731525,3027.0,0.751914,0.731598,0.771693,0.709629,0.689439,0.728793,-0.160424,0.016471,0.014574,36.744,37.041,16.0,16.1,31.0,31.2,42.4,43.0,56.6,58.2,83.300000,83.300000,,,,
max_two,19157.0,12061.0,62.959,57.0,0.298,7039.0,39.212,7039.0,39.212,7096.0,39.486,5.0,19157.0,0.629540,0.614431,0.644862,0.724219,0.717981,0.730507,7039.0,0.828036,0.819274,0.836736,0.811565,0.802505,0.820502,7096.0,0.824986,0.816238,0.833657,0.810412,0.801403,0.819398,-0.015283,0.039356,0.042285,39.212,39.486,23.8,23.9,36.2,36.3,50.5,50.8,68.2,69.0,83.300000,83.300000,,,,
