id,N,N_disp,h_disp,h_sent,lewi_zero_based,lewi_one_based,boundary_disp,boundary_sent,match_impl,match_plus1,match_full,p_exact_plus1,p_within1_plus1,p_exact_full,p_within1_full
1707opw,17,17,17,17,7,8,1,1,off10,off9,off9,0.000000,0.066667,0.000000,0.066667
BreakUps_1e0fccv,114,115,53,53,74,75,0,0,off21,off22,off22,0.008929,0.026786,0.008929,0.026786
emotionalsupport_lz2rga,26,26,24,24,17,18,0,0,off7,off6,off6,0.041667,0.125000,0.041667,0.125000
emotionalsupport_osbv1c,9,9,3,3,2,3,0,0,within1,exact,exact,0.142857,0.428571,0.142857,0.428571
fn2thu,68,72,53,49,56,57,0,0,off3,off4,off8,0.015152,0.045455,0.015152,0.045455
h015k3,34,37,8,8,22,23,0,0,off14,off15,off15,0.031250,0.093750,0.031250,0.093750
relationship_advice_cdzjre,27,27,13,13,16,17,0,0,off3,off4,off4,0.040000,0.120000,0.040000,0.120000
relationship_advice_e6fs4c,41,42,23,22,37,38,0,0,off14,off15,off16,0.025641,0.076923,0.025641,0.076923
relationships_3cfcsg,56,56,54,54,29,30,0,0,off25,off24,off24,0.018519,0.055556,0.018519,0.055556
relationships_6pgxrs,19,20,15,14,17,18,0,0,within2,off3,off4,0.058824,0.176471,0.058824,0.176471
relationships_c7y2iu,26,27,11,10,1,2,0,0,off10,off9,off8,0.041667,0.125000,0.041667,0.125000
relationships_hbckl2,85,91,83,77,82,83,0,0,within1,exact,off6,0.012048,0.036145,0.012048,0.036145
relationships_j2hohg,30,31,10,10,17,18,0,0,off7,off8,off8,0.035714,0.107143,0.035714,0.107143
relationships_nhr3yo,7,7,5,5,1,2,0,0,off4,off3,off3,0.200000,0.600000,0.200000,0.600000
relationships_qb0cip,20,20,12,12,8,9,0,0,off4,off3,off3,0.055556,0.166667,0.055556,0.166667
relationships_x51v9y,16,17,9,9,7,8,0,0,within2,within1,within1,0.071429,0.214286,0.071429,0.214286
survivinginfidelity_1pk43m0,41,42,39,38,33,34,0,0,off6,off5,off4,0.025641,0.076923,0.025641,0.076923
survivinginfidelity_jncgbr,38,41,2,2,5,6,0,0,off3,off4,off4,0.027778,0.055556,0.027778,0.055556
survivinginfidelity_m47t0h,31,32,11,10,1,2,0,0,off10,off9,off8,0.034483,0.103448,0.034483,0.103448
