id,N_i,human_selection_h_i,boundary,exact_contribution_1_over_N_minus_2,within1_admissible_neighbours,within1_contribution
1707opw,17,17,yes,0.000000,1,0.066667
BreakUps_1e0fccv,114,53,no,0.008929,3,0.026786
emotionalsupport_lz2rga,26,24,no,0.041667,3,0.125000
emotionalsupport_osbv1c,9,3,no,0.142857,3,0.428571
fn2thu,68,53,no,0.015152,3,0.045455
h015k3,34,8,no,0.031250,3,0.093750
relationship_advice_cdzjre,27,13,no,0.040000,3,0.120000
relationship_advice_e6fs4c,41,23,no,0.025641,3,0.076923
relationships_3cfcsg,56,54,no,0.018519,3,0.055556
relationships_6pgxrs,19,15,no,0.058824,3,0.176471
relationships_c7y2iu,26,11,no,0.041667,3,0.125000
relationships_hbckl2,85,83,no,0.012048,3,0.036145
relationships_j2hohg,30,10,no,0.035714,3,0.107143
relationships_nhr3yo,7,5,no,0.200000,3,0.600000
relationships_qb0cip,20,12,no,0.055556,3,0.166667
relationships_x51v9y,16,9,no,0.071429,3,0.214286
survivinginfidelity_1pk43m0,41,39,no,0.025641,3,0.076923
survivinginfidelity_jncgbr,38,2,no,0.027778,2,0.055556
survivinginfidelity_m47t0h,31,11,no,0.034483,3,0.103448
