corpus,PLEF,vader,nrc,empath,afinn,huliu,labmt,plef_pct_of_vader
dailydialog,0.01552,0.112279,0.086768,0.381614,0.095572,0.074676,0.9666,13.82
dev_relationship,0.023477,0.087504,0.085746,0.349579,0.07598,0.065909,0.959239,26.83
empathetic,0.027621,0.089911,0.111488,0.496364,0.081657,0.075738,0.963575,30.72
goemotions,0.029477,0.146483,0.115196,0.300784,0.132649,0.11336,0.926024,20.12
isear,0.025445,0.09818,0.119446,0.416579,0.088899,0.070483,0.945266,25.92
meld,0.015051,0.148467,0.070136,0.143632,0.112821,0.074232,0.949379,10.14
relationship,0.024805,0.087373,0.086593,0.348124,0.07613,0.066362,0.959758,28.39
semeval2017,0.013692,0.06998,0.093918,0.238237,0.059611,0.052679,0.853201,19.57
tweeteval,0.014959,0.076478,0.10331,0.246868,0.067055,0.060059,0.862837,19.56
