corpus,metric,n,defined_pct,mean,sd,median,min,max
dailydialog,sentiment,101026,100.0,0.00956,0.10233,0.0,-0.8541,0.93821
dailydialog,LEWI,3892,3.85,0.00187,0.10194,0.0,-0.56064,0.96251
dailydialog,TEG,44856,44.4,0.06346,0.14292,0.0,0.0,1.05348
dailydialog,NAVA,3892,3.85,-0.00049,0.15516,0.0,-1.01647,0.81514
dailydialog,GASE,101026,100.0,0.68771,0.06566,0.7,0.09612,0.98146
dailydialog,PTI,101026,100.0,0.00365,0.40338,0.0,-0.91667,0.95652
dailydialog,PAI,101026,100.0,0.01497,0.06114,0.0,0.0,0.63333
dailydialog,RCI,29666,29.36,0.01634,0.05301,0.0,0.0,1.0
dailydialog,CD-index,101026,100.0,0.0112,0.03182,0.0,0.0,0.33333
dailydialog,VADS,101026,100.0,0.02897,0.12491,0.0,0.0,1.0
dailydialog,TIES,44856,44.4,2e-05,0.00294,0.0,0.0,0.5
dailydialog,NSPL,40275,39.87,0.64142,0.12241,0.61417,0.29603,0.94949
dev_relationship,sentiment,200,100.0,-0.0095,0.0773,-0.01421,-0.36339,0.29089
dev_relationship,LEWI,198,99.0,-0.03249,0.12905,-0.02048,-0.63129,0.40759
dev_relationship,TEG,200,100.0,0.20625,0.12987,0.18927,0.0,0.95195
dev_relationship,NAVA,198,99.0,-0.03154,0.17,-0.01992,-0.55737,0.55737
dev_relationship,GASE,200,100.0,0.46199,0.07131,0.45283,0.31364,0.72583
dev_relationship,PTI,200,100.0,0.59528,0.46897,0.76697,-0.98,0.97561
dev_relationship,PAI,200,100.0,0.11222,0.16063,0.02181,0.0,0.53738
dev_relationship,RCI,200,100.0,0.03262,0.02501,0.02558,0.0,0.125
dev_relationship,CD-index,200,100.0,0.16494,0.09158,0.16667,0.0,0.42949
dev_relationship,VADS,200,100.0,0.08489,0.0602,0.07815,0.0,0.41667
dev_relationship,TIES,200,100.0,0.01535,0.05675,0.0,0.0,0.46216
dev_relationship,NSPL,200,100.0,0.63277,0.06597,0.64063,0.36357,0.7781
empathetic,sentiment,19157,100.0,-0.00556,0.203,0.0,-0.93347,0.86894
empathetic,LEWI,290,1.51,-0.00954,0.16026,0.0,-0.69367,0.59697
empathetic,TEG,10323,53.89,0.16543,0.22446,0.0,0.0,1.38084
empathetic,NAVA,290,1.51,-0.01845,0.28899,0.0,-1.07072,0.79616
empathetic,GASE,19157,100.0,0.65611,0.11249,0.7,0.09612,0.95205
empathetic,PTI,19157,100.0,0.62138,0.20027,0.66667,-0.8,0.92308
empathetic,PAI,19157,100.0,0.00651,0.03521,0.0,0.0,0.5
empathetic,RCI,9701,50.64,0.01825,0.04791,0.0,0.0,0.5
empathetic,CD-index,19157,100.0,0.01567,0.03719,0.0,0.0,0.33333
empathetic,VADS,19157,100.0,0.10215,0.19997,0.0,0.0,1.0
empathetic,TIES,10323,53.89,3e-05,0.00328,0.0,0.0,0.33333
empathetic,NSPL,10268,53.6,0.54397,0.10911,0.535,0.2686,0.9475
goemotions,sentiment,54263,100.0,0.01929,0.17973,0.0,-0.93347,0.90007
goemotions,LEWI,914,1.68,0.00074,0.13237,0.0,-0.63941,0.5356
goemotions,TEG,23081,42.54,0.12465,0.2053,0.0,0.0,1.56749
goemotions,NAVA,914,1.68,-0.00662,0.20559,0.0,-0.82188,0.79233
goemotions,GASE,54263,100.0,0.66771,0.10014,0.7,0.05602,0.96021
goemotions,PTI,54263,100.0,0.09386,0.37272,0.0,-0.83333,0.875
goemotions,PAI,54263,100.0,0.01323,0.05696,0.0,0.0,0.59412
goemotions,RCI,16576,30.55,0.01949,0.06514,0.0,0.0,1.0
goemotions,CD-index,54263,100.0,0.01341,0.03435,0.0,0.0,0.33333
goemotions,VADS,54263,100.0,0.03967,0.13844,0.0,0.0,1.0
goemotions,TIES,23081,42.54,2e-05,0.00329,0.0,0.0,0.5
goemotions,NSPL,21695,39.98,0.61583,0.12239,0.59734,0.27245,0.96646
isear,sentiment,7666,100.0,-0.0761,0.22794,0.0,-0.88284,0.94324
isear,LEWI,296,3.86,0.03434,0.18935,0.0,-0.87536,0.73339
isear,TEG,2567,33.49,0.22629,0.24766,0.16799,0.0,1.42605
isear,NAVA,296,3.86,0.11223,0.33123,0.0,-1.18578,1.04601
isear,GASE,7666,100.0,0.62418,0.14188,0.7,0.05551,0.98297
isear,PTI,7666,100.0,0.55755,0.27746,0.66667,-0.75,0.95238
isear,PAI,7666,100.0,0.00743,0.03863,0.0,0.0,0.5
isear,RCI,2538,33.11,0.0295,0.0508,0.0,0.0,0.42857
isear,CD-index,7666,100.0,0.012,0.03312,0.0,0.0,0.25
isear,VADS,7666,100.0,0.13058,0.21247,0.0,0.0,1.0
isear,TIES,2567,33.49,0.00021,0.00767,0.0,0.0,0.33333
isear,NSPL,2558,33.37,0.51444,0.10079,0.5225,0.27239,0.9475
meld,sentiment,13708,100.0,0.0033,0.11784,0.0,-0.9609,0.79057
meld,LEWI,354,2.58,0.00888,0.07855,0.0,-0.34314,0.79843
meld,TEG,3772,27.52,0.05137,0.13475,0.0,0.0,1.19764
meld,NAVA,354,2.58,0.01286,0.13645,0.0,-0.61237,1.19764
meld,GASE,13708,100.0,0.68537,0.07311,0.7,0.07289,0.91553
meld,PTI,13708,100.0,0.04858,0.35871,0.0,-0.875,0.88889
meld,PAI,13708,100.0,0.01398,0.06114,0.0,0.0,0.67037
meld,RCI,1614,11.77,0.04298,0.1409,0.0,0.0,1.0
meld,CD-index,13708,100.0,0.00947,0.02919,0.0,0.0,0.25
meld,VADS,13708,100.0,0.03074,0.12924,0.0,0.0,1.0
meld,TIES,3772,27.52,0.0,0.0,0.0,0.0,0.0
meld,NSPL,3080,22.47,0.67252,0.13754,0.6475,0.30165,0.97159
relationship,sentiment,1308,100.0,-0.01791,0.09062,-0.0104,-0.65774,0.51692
relationship,LEWI,1288,98.47,-0.03011,0.15362,-0.01465,-0.70855,0.5479
relationship,TEG,1308,100.0,0.215,0.12101,0.2036,0.0,1.29769
relationship,NAVA,1288,98.47,-0.03039,0.17365,-0.00854,-0.96379,1.00972
relationship,GASE,1308,100.0,0.46018,0.07297,0.45175,0.22369,0.75233
relationship,PTI,1308,100.0,0.62273,0.42681,0.77219,-0.98214,0.9902
relationship,PAI,1308,100.0,0.13214,0.16593,0.02667,0.0,0.53876
relationship,RCI,1308,100.0,0.03592,0.03681,0.0303,0.0,1.0
relationship,CD-index,1308,100.0,0.16594,0.08644,0.16667,0.0,0.46729
relationship,VADS,1308,100.0,0.08768,0.05555,0.08017,0.0,0.42466
relationship,TIES,1308,100.0,0.02084,0.07441,0.0,0.0,0.95764
relationship,NSPL,1308,100.0,0.63226,0.07366,0.64245,0.29802,0.9475
semeval2017,sentiment,52806,100.0,0.02242,0.1389,0.0,-0.89001,0.9408
semeval2017,LEWI,3405,6.45,0.00763,0.10754,0.0,-0.57586,0.65971
semeval2017,TEG,31580,59.8,0.07971,0.16241,0.0,0.0,1.33978
semeval2017,NAVA,3405,6.45,0.00965,0.16385,0.0,-0.84017,1.25682
semeval2017,GASE,52806,100.0,0.67552,0.08423,0.7,0.07384,0.9658
semeval2017,PTI,52806,100.0,0.09872,0.33892,0.0,-0.83333,0.85714
semeval2017,PAI,52806,100.0,0.00962,0.0435,0.0,0.0,0.63333
semeval2017,RCI,28328,53.65,0.01241,0.0382,0.0,0.0,0.7
semeval2017,CD-index,52806,100.0,0.01005,0.02964,0.0,0.0,0.25
semeval2017,VADS,52806,100.0,0.0186,0.07021,0.0,0.0,1.0
semeval2017,TIES,31580,59.8,2e-05,0.00281,0.0,0.0,0.5
semeval2017,NSPL,31043,58.79,0.61841,0.08389,0.6475,0.29191,0.97159
tweeteval,sentiment,59899,100.0,0.02134,0.14859,0.0,-0.89001,0.9408
tweeteval,LEWI,2584,4.31,0.00246,0.10826,0.0,-0.57586,0.65971
tweeteval,TEG,30004,50.09,0.08504,0.16899,0.0,0.0,1.33978
tweeteval,NAVA,2584,4.31,0.00354,0.1693,0.0,-0.81999,1.25682
tweeteval,GASE,59899,100.0,0.67514,0.08721,0.7,0.0613,0.97694
tweeteval,PTI,59899,100.0,0.07549,0.32167,0.0,-0.83333,0.875
tweeteval,PAI,59899,100.0,0.00945,0.04343,0.0,0.0,0.59412
tweeteval,RCI,24541,40.97,0.01735,0.04726,0.0,0.0,0.7
tweeteval,CD-index,59899,100.0,0.00985,0.02945,0.0,0.0,0.25
tweeteval,VADS,59899,100.0,0.01874,0.07334,0.0,0.0,1.0
tweeteval,TIES,30004,50.09,0.0,0.0,0.0,0.0,0.0
tweeteval,NSPL,29168,48.7,0.61947,0.08896,0.6475,0.29603,0.97159
