corpus,full,delta_S,delta_H,delta_A,delta_G,mean_S,mean_H,mean_A,mean_G,sd_S,sd_H,sd_A,sd_G
dailydialog,0.6877,0.2906,-0.0846,-0.1037,-0.0778,0.0096,0.0584,0.0013,0.0012,0.1023,0.234,0.0109,0.0256
dev_relationship,0.462,0.2021,0.1096,-0.1567,-0.1326,-0.0095,0.8669,0.0678,0.0075,0.0773,0.2255,0.1156,0.029
empathetic,0.6561,0.2836,-0.0588,-0.1143,-0.0858,-0.0056,0.1674,0.001,0.0006,0.203,0.3709,0.0102,0.0179
goemotions,0.6677,0.2779,-0.0612,-0.1104,-0.0823,0.0193,0.1487,0.001,0.0033,0.1797,0.3547,0.0099,0.0437
isear,0.6242,0.3001,-0.0562,-0.1243,-0.0934,-0.0761,0.2073,0.0028,0.0024,0.2279,0.4021,0.0167,0.0361
meld,0.6854,0.2923,-0.0845,-0.1047,-0.0783,0.0033,0.061,0.0005,0.0012,0.1178,0.2391,0.0069,0.0277
relationship,0.4602,0.2049,0.108,-0.1568,-0.1336,-0.0179,0.8638,0.0695,0.0056,0.0906,0.2269,0.1268,0.0227
semeval2017,0.6755,0.2799,-0.0673,-0.1077,-0.0808,0.0224,0.1225,0.0013,0.0014,0.1389,0.3266,0.0111,0.0273
tweeteval,0.6751,0.2802,-0.0675,-0.1079,-0.0808,0.0213,0.1225,0.0012,0.0017,0.1486,0.3267,0.0109,0.0312
