key,value,k,n,wilson_lo,wilson_hi,note
round1_rater1_rows,119,,,,,
round1_rater1_entry_method,offline sheet (returned spreadsheet),,,,,
round1_rater1_seconds_nonzero,not recorded,,,,,
round1_rater1_wall_seconds_nonzero,not recorded,,,,,
round1_rater1_revisions_nonzero,not recorded,,,,,
round1_rater1_scrolled_nonzero,not recorded,,,,,
round1_rater2_rows,220,,,,,
round1_rater2_entry_method,offline sheet (returned spreadsheet),,,,,
round1_rater2_seconds_nonzero,not recorded,,,,,
round1_rater2_wall_seconds_nonzero,not recorded,,,,,
round1_rater2_revisions_nonzero,not recorded,,,,,
round1_rater2_scrolled_nonzero,not recorded,,,,,
round1_rater3_rows,220,,,,,
round1_rater3_entry_method,offline sheet (returned spreadsheet),,,,,
round1_rater3_seconds_nonzero,not recorded,,,,,
round1_rater3_wall_seconds_nonzero,not recorded,,,,,
round1_rater3_revisions_nonzero,not recorded,,,,,
round1_rater3_scrolled_nonzero,not recorded,,,,,
round2_rater1_rows,220,,,,,
round2_rater1_entry_method,offline:220,,,,,
round2_rater1_seconds_nonzero,0,,,,,
round2_rater1_wall_seconds_nonzero,0,,,,,
round2_rater1_revisions_nonzero,0,,,,,
round2_rater1_scrolled_nonzero,0,,,,,
round2_rater2_rows,220,,,,,
round2_rater2_entry_method,offline:220,,,,,
round2_rater2_seconds_nonzero,0,,,,,
round2_rater2_wall_seconds_nonzero,0,,,,,
round2_rater2_revisions_nonzero,0,,,,,
round2_rater2_scrolled_nonzero,0,,,,,
round2_rater3_rows,220,,,,,
round2_rater3_entry_method,offline:220,,,,,
round2_rater3_seconds_nonzero,0,,,,,
round2_rater3_wall_seconds_nonzero,0,,,,,
round2_rater3_revisions_nonzero,0,,,,,
round2_rater3_scrolled_nonzero,0,,,,,
round3_rater1_rows,108,,,,,
round3_rater1_entry_method,offline:108,,,,,
round3_rater1_seconds_nonzero,0,,,,,
round3_rater1_wall_seconds_nonzero,0,,,,,
round3_rater1_revisions_nonzero,0,,,,,
round3_rater1_scrolled_nonzero,0,,,,,
round3_rater2_rows,107,,,,,
round3_rater2_entry_method,offline:107,,,,,
round3_rater2_seconds_nonzero,0,,,,,
round3_rater2_wall_seconds_nonzero,0,,,,,
round3_rater2_revisions_nonzero,0,,,,,
round3_rater2_scrolled_nonzero,0,,,,,
round3_rater3_rows,111,,,,,
round3_rater3_entry_method,offline:111,,,,,
round3_rater3_seconds_nonzero,0,,,,,
round3_rater3_wall_seconds_nonzero,0,,,,,
round3_rater3_revisions_nonzero,0,,,,,
round3_rater3_scrolled_nonzero,0,,,,,
round4_rater1_rows,40,,,,,
round4_rater1_entry_method,web:40,,,,,
round4_rater1_seconds_nonzero,40,,,,,
round4_rater1_wall_seconds_nonzero,40,,,,,
round4_rater1_revisions_nonzero,40,,,,,
round4_rater1_scrolled_nonzero,40,,,,,
dev_posts,200,,,,,
dev_numbered_text_matches_core_split,200,,,,,
dev_display_lines_differ_from_sentences,98,,,,,
dev_texts_with_newline,180,,,,,
dev_lewi_stored_equals_recomputed,200,,,,,
tie_rule_N4_implemented_onebased,2,,,,,
tie_rule_N4_equation_onebased,3,,,,,
tie_rule_N5_implemented_onebased,2,,,,,
tie_rule_N5_equation_onebased,3,,,,,
tie_rule_N6_implemented_onebased,2,,,,,
tie_rule_N6_equation_onebased,4,,,,,
tie_rule_N7_implemented_onebased,2,,,,,
tie_rule_N7_equation_onebased,4,,,,,
tie_rule_N8_implemented_onebased,2,,,,,
tie_rule_N8_equation_onebased,5,,,,,
tie_rule_N9_implemented_onebased,2,,,,,
tie_rule_N9_equation_onebased,5,,,,,
tie_rule_N10_implemented_onebased,2,,,,,
tie_rule_N10_equation_onebased,6,,,,,
tie_rule_N11_implemented_onebased,2,,,,,
tie_rule_N11_equation_onebased,6,,,,,
tie_rule_N12_implemented_onebased,2,,,,,
tie_rule_N12_equation_onebased,7,,,,,
tie_rule_constant_signal_posts_relationship,34,,,,,of 1288 with >= 4 sentences
tie_rule_constant_signal_posts_dev_relationship,6,,,,,of 198 with >= 4 sentences
r4_items_presented,40,,,,,
r4_repeat_showings,4,,,,,
r4_unique_posts,36,,,,,
r4_gold_equals_first_showing,36,,,,,
r4_matched_scored,36,,,,,
r4_lewi_defined,35,,,,,
r4_lewi_undefined,1,,,,,
r4_no_tp,16,,,,,
r4_no_tp_prop,0.457143,16,35,0.304658,0.618105,
r4_tp_marked,19,,,,,
r4_median_active_seconds_all_items,123.500000,,,,,
r4_median_active_seconds_first_showings,123.500000,,,,,
r4_scrolled_to_end,1.000000,40,40,0.912375,1.000000,
cmp_n,19,,,,,
cmp_N_min,7,,,,,
cmp_N_max,114,,,,,
cmp_N_median,30,,,,,
cmp_display_differs_from_sentence,7,,,,,
cmp_boundary_disp,1,,,,,
cmp_boundary_sent,1,,,,,
exact_impl,0.000000,0,19,0.000000,0.168184,
chance_exact_mean_impl,0.046692,,,,,
expected_exact_impl,0.887152,,,,,
p_ge_exact_impl,1.000000,,,,,Poisson-binomial P(X >= observed)
p_le_exact_impl,0.393173,,,,,Poisson-binomial P(X <= observed)
p0_exact_impl,0.393173,,,,,
p_le2_exact_impl,0.948579,,,,,
within1_impl,0.105263,2,19,0.029358,0.313946,
chance_within1_mean_impl,0.142123,,,,,
expected_within1_impl,2.700344,,,,,
p_ge_within1_impl,0.802325,,,,,Poisson-binomial P(X >= observed)
p_le_within1_impl,0.470430,,,,,Poisson-binomial P(X <= observed)
p0_within1_impl,0.038262,,,,,
p_le2_within1_impl,0.470430,,,,,
within2_impl,0.210526,4,19,0.085075,0.433347,
chance_within2_mean_impl,0.214358,,,,,
expected_within2_impl,4.072805,,,,,
p_ge_within2_impl,0.623694,,,,,Poisson-binomial P(X >= observed)
p_le_within2_impl,0.623652,,,,,Poisson-binomial P(X <= observed)
p0_within2_impl,0.004113,,,,,
p_le2_within2_impl,0.160111,,,,,
exact_plus1,0.105263,2,19,0.029358,0.313946,
chance_exact_mean_plus1,0.046692,,,,,
expected_exact_plus1,0.887152,,,,,
p_ge_exact_plus1,0.219471,,,,,Poisson-binomial P(X >= observed)
p_le_exact_plus1,0.948579,,,,,Poisson-binomial P(X <= observed)
p0_exact_plus1,0.393173,,,,,
p_le2_exact_plus1,0.948579,,,,,
within1_plus1,0.157895,3,19,0.055204,0.375659,
chance_within1_mean_plus1,0.142123,,,,,
expected_within1_plus1,2.700344,,,,,
p_ge_within1_plus1,0.529570,,,,,Poisson-binomial P(X >= observed)
p_le_within1_plus1,0.733549,,,,,Poisson-binomial P(X <= observed)
p0_within1_plus1,0.038262,,,,,
p_le2_within1_plus1,0.470430,,,,,
within2_plus1,0.157895,3,19,0.055204,0.375659,
chance_within2_mean_plus1,0.214358,,,,,
expected_within2_plus1,4.072805,,,,,
p_ge_within2_plus1,0.839889,,,,,Poisson-binomial P(X >= observed)
p_le_within2_plus1,0.376306,,,,,Poisson-binomial P(X <= observed)
p0_within2_plus1,0.004113,,,,,
p_le2_within2_plus1,0.160111,,,,,
exact_full,0.052632,1,19,0.009352,0.246392,
chance_exact_mean_full,0.046692,,,,,
expected_exact_full,0.887152,,,,,
p_ge_exact_full,0.606827,,,,,Poisson-binomial P(X >= observed)
p_le_exact_full,0.780529,,,,,Poisson-binomial P(X <= observed)
p0_exact_full,0.393173,,,,,
p_le2_exact_full,0.948579,,,,,
within1_full,0.105263,2,19,0.029358,0.313946,
chance_within1_mean_full,0.142123,,,,,
expected_within1_full,2.700344,,,,,
p_ge_within1_full,0.802325,,,,,Poisson-binomial P(X >= observed)
p_le_within1_full,0.470430,,,,,Poisson-binomial P(X <= observed)
p0_within1_full,0.038262,,,,,
p_le2_within1_full,0.470430,,,,,
within2_full,0.105263,2,19,0.029358,0.313946,
chance_within2_mean_full,0.216342,,,,,
expected_within2_full,4.110494,,,,,
p_ge_within2_full,0.961236,,,,,Poisson-binomial P(X >= observed)
p_le_within2_full,0.155336,,,,,Poisson-binomial P(X <= observed)
p0_within2_full,0.003945,,,,,
p_le2_within2_full,0.155336,,,,,
submitted_binomial_p0_exact,0.403116,,,,,"homogeneous Binomial(n, mean p) as in the submitted paper, NOT the per-post model"
submitted_binomial_ple2_within1,0.480367,,,,,"homogeneous Binomial(n, mean p) as in the submitted paper, NOT the per-post model"
chance_exact_naive_1overN,0.042899,,,,,
chance_within1_naive_3overN,0.128697,,,,,
arc_agreement,0.371429,13,35,0.231656,0.536634,
arc_majority_baseline,0.428571,15,35,0.279843,0.591429,always 'redemptive'
arc_kappa,0.020356,,,,,
arc_tvd,0.057143,,,,,
arc_human_distribution,"{'flat': 14, 'redemptive': 15, 'tragic': 6}",,,,,
arc_nava_distribution,"{'flat': 14, 'redemptive': 13, 'tragic': 8}",,,,,
r3_rater1_nonzero_selections,77,,,,,
r3_rater1_selected_sentence_1,0,,,,,
r3_rater1_selected_sentence_N,7,,,,,
r3_rater2_nonzero_selections,72,,,,,
r3_rater2_selected_sentence_1,0,,,,,
r3_rater2_selected_sentence_N,4,,,,,
r3_rater3_nonzero_selections,65,,,,,
r3_rater3_selected_sentence_1,0,,,,,
r3_rater3_selected_sentence_N,4,,,,,
r3_distinct_posts,174,,,,,
r3_posts_by_three,26,,,,,
r3_posts_by_two,74,,,,,
r3_posts_by_one,74,,,,,
r3_shared_1v2,53,,,,,
r3_pair_only_1v2,27,,,,,
r3_shared_1v3,51,,,,,
r3_pair_only_1v3,25,,,,,
r3_shared_2v3,48,,,,,
r3_pair_only_2v3,22,,,,,
r3_alpha_sentiment_3way,0.177298,,,,,
r3_alpha_arc_3way,0.002398,,,,,
r3_unanimous_tp_3way,0.000000,0,26,0.000000,0.128733,
r3_majority_tp_3way,0.692308,18,26,0.500114,0.834989,
r3_majority_none,8,,,,,
r3_majority_sentence,10,,,,,
r3_raw_1v2,0.150943,8,53,0.078523,0.270545,
r3_existence_1v2,0.584906,31,53,0.450942,0.707393,
r3_existence_chance_1v2,0.649697,,,,,
r3_location_1v2,0.233333,7,30,0.117922,0.409287,
r3_location_chance_n2_1v2,0.077804,,,,,
r3_location_ratio_n2_1v2,2.998981,,,,,
r3_location_chance_n_1v2,0.063477,,,,,
r3_location_ratio_n_1v2,3.675874,,,,,
r3_location_chance_emp_loo_1v2,0.064684,,,,,
r3_location_ratio_emp_loo_1v2,3.607296,,,,,
r3_location_chance_emp_all_1v2,0.064743,,,,,
r3_location_ratio_emp_all_1v2,3.604012,,,,,
r3_location_boundary_picks_1v2,5,,,,,
r3_raw_1v3,0.294118,15,51,0.187086,0.429993,
r3_existence_1v3,0.627451,32,51,0.490250,0.746797,
r3_existence_chance_1v3,0.544406,,,,,
r3_location_1v3,0.346154,9,26,0.194120,0.537798,
r3_location_chance_n2_1v3,0.055912,,,,,
r3_location_ratio_n2_1v3,6.191031,,,,,
r3_location_chance_n_1v3,0.048706,,,,,
r3_location_ratio_n_1v3,7.106992,,,,,
r3_location_chance_emp_loo_1v3,0.053889,,,,,
r3_location_ratio_emp_loo_1v3,6.423478,,,,,
r3_location_chance_emp_all_1v3,0.053838,,,,,
r3_location_ratio_emp_all_1v3,6.429489,,,,,
r3_location_boundary_picks_1v3,2,,,,,
r3_raw_2v3,0.250000,12,48,0.149205,0.387846,
r3_existence_2v3,0.520833,25,48,0.383290,0.655289,
r3_existence_chance_2v3,0.520833,,,,,
r3_location_2v3,0.277778,5,18,0.124996,0.508731,
r3_location_chance_n2_2v3,0.081983,,,,,
r3_location_ratio_n2_2v3,3.388218,,,,,
r3_location_chance_n_2v3,0.060474,,,,,
r3_location_ratio_n_2v3,4.593359,,,,,
r3_location_chance_emp_loo_2v3,0.063613,,,,,
r3_location_ratio_emp_loo_2v3,4.366712,,,,,
r3_location_chance_emp_all_2v3,0.063735,,,,,
r3_location_ratio_emp_all_2v3,4.358354,,,,,
r3_location_boundary_picks_2v3,2,,,,,
r3_location_ratio_n2_min,2.998981,,,,,
r3_location_ratio_n2_max,6.191031,,,,,
r3_location_ratio_n_min,3.675874,,,,,
r3_location_ratio_n_max,7.106992,,,,,
r3_location_ratio_emp_loo_min,3.607296,,,,,
r3_location_ratio_emp_loo_max,6.423478,,,,,
r3_location_ratio_emp_all_min,3.604012,,,,,
r3_location_ratio_emp_all_max,6.429489,,,,,
rep_round3_rater1_sentiment,0.750000,6,8,0.409270,0.928522,
rep_round3_rater1_arc,0.875000,7,8,0.529105,0.977583,
rep_round3_rater1_tp,0.250000,2,8,0.071478,0.590730,
rep_round3_rater1_tp_within1,0.250000,2,8,0.071478,0.590730,
rep_round3_rater2_sentiment,0.714286,5,7,0.358929,0.917783,
rep_round3_rater2_arc,0.571429,4,7,0.250454,0.841783,
rep_round3_rater2_tp,0.285714,2,7,0.082217,0.641071,
rep_round3_rater2_tp_within1,0.428571,3,7,0.158217,0.749546,
rep_round3_rater3_sentiment,0.272727,3,11,0.097459,0.565650,
rep_round3_rater3_arc,0.272727,3,11,0.097459,0.565650,
rep_round3_rater3_tp,0.181818,2,11,0.051367,0.476986,
rep_round3_rater3_tp_within1,0.272727,3,11,0.097459,0.565650,
rep_round4_rater1_sentiment,0.750000,3,4,0.300636,0.954414,
rep_round4_rater1_arc,1.000000,4,4,0.510100,1.000000,
rep_round4_rater1_tp,0.000000,0,4,0.000000,0.489900,
rep_round4_rater1_tp_within1,0.000000,0,4,0.000000,0.489900,
rep_round3_arc_min,0.272727,,,,,
rep_round3_arc_max,0.875000,,,,,
rep_round3_sentiment_min,0.272727,,,,,
rep_round3_sentiment_max,0.750000,,,,,
rep_round3_tp_min,0.181818,,,,,
rep_round3_tp_max,0.285714,,,,,
rep_round4_arc_min,1.000000,,,,,
rep_round4_arc_max,1.000000,,,,,
rep_round4_sentiment_min,0.750000,,,,,
rep_round4_sentiment_max,0.750000,,,,,
rep_round4_tp_min,0.000000,,,,,
rep_round4_tp_max,0.000000,,,,,
gap_round3_rater1_n,8,,,,,
gap_round3_rater1_min,20,,,,,
gap_round3_rater1_median,26.500000,,,,,
gap_round3_rater1_max,98,,,,,
gap_round3_rater1_under41,5,,,,,
gap_round3_rater1_presented,20 23 24 24 29 43 46 98,,,,,
gap_round3_rater1_slots,43 44 44 53 55 81 95 199,,,,,
gap_round3_rater1_sheet_rows,108,,,,,
gap_round3_rater2_n,7,,,,,
gap_round3_rater2_min,31,,,,,
gap_round3_rater2_median,37,,,,,
gap_round3_rater2_max,58,,,,,
gap_round3_rater2_under41,6,,,,,
gap_round3_rater2_presented,31 33 34 37 38 40 58,,,,,
gap_round3_rater2_slots,63 70 73 73 79 79 123,,,,,
gap_round3_rater2_sheet_rows,107,,,,,
gap_round3_rater3_n,11,,,,,
gap_round3_rater3_min,21,,,,,
gap_round3_rater3_median,42,,,,,
gap_round3_rater3_max,78,,,,,
gap_round3_rater3_under41,4,,,,,
gap_round3_rater3_presented,21 24 26 32 42 42 44 62 73 78 78,,,,,
gap_round3_rater3_slots,47 48 52 64 79 82 90 131 145 157 159,,,,,
gap_round3_rater3_sheet_rows,111,,,,,
gap_round4_rater1_n,4,,,,,
gap_round4_rater1_min,13,,,,,
gap_round4_rater1_median,14.000000,,,,,
gap_round4_rater1_max,31,,,,,
gap_round4_rater1_under41,4,,,,,
gap_round4_rater1_presented,13 14 14 31,,,,,
gap_round4_rater1_slots,13 14 14 31,,,,,
gap_all_rounds_under41,0.633333,19,30,0.455132,0.781263,
repeat_fraction_round3,0.079755,26,326,0.055005,0.114293,
repeat_fraction_round4,0.100000,4,40,0.039579,0.230521,
round2_1v2_comparisons,200,,,,,
round2_1v2_all_three_match,80,,,,,
round2_1v2_none_match,120,,,,,
round2_1v3_comparisons,200,,,,,
round2_1v3_all_three_match,60,,,,,
round2_1v3_none_match,140,,,,,
round2_2v3_comparisons,200,,,,,
round2_2v3_all_three_match,60,,,,,
round2_2v3_none_match,140,,,,,
round2_comparisons_total,600,,,,,
round2_partial_matches,0,,,,,
round1_rater1_first_showings,101,,,,,
round1_rater2_first_showings,200,,,,,
round1_rater3_first_showings,200,,,,,
round1_tp_identical_1v2,0.990099,100,101,0.946032,0.998250,
round1_tp_identical_1v3,0.990099,100,101,0.946032,0.998250,
round1_tp_identical_2v3,1.000000,200,200,0.981154,1.000000,
round1_posts,200,,,,,
round1_chance_same_sentence_n2,0.084437,,,,,
round1_chance_same_sentence_n,0.061020,,,,,
