id,n_sents,n_words,n_tokens,token_matches,phrase_matches,score,class
relationships_l4wa08,5,88,88,0,0,0.000000,nomatch
relationships_a72pyo,48,901,901,15,1,0.079640,nonzero
relationships_lxp1ee,9,161,161,5,0,0.004098,nonzero
relationships_abxvly,11,143,143,4,1,0.022022,nonzero
relationships_f9ue25,12,412,412,10,1,0.118726,nonzero
relationships_cxgnob,40,555,555,10,0,-0.010918,nonzero
relationships_a1ta8x,8,116,116,4,0,0.120836,nonzero
relationships_azzp25,26,518,518,16,0,-0.003499,nonzero
relationships_fn8n1t,57,728,728,13,1,0.028376,nonzero
relationships_cnd80k,36,570,570,20,0,0.052064,nonzero
relationships_b08jsj,7,112,112,1,0,0.065547,nonzero
relationships_b4tq6y,7,118,118,3,1,-0.220080,nonzero
relationships_8vc871,77,1092,1092,22,0,-0.044297,nonzero
relationships_9mv737,31,522,522,6,0,-0.038930,nonzero
relationships_a3zvze,6,76,76,3,0,-0.032596,nonzero
relationships_hxzwcl,25,346,346,15,0,-0.000392,nonzero
relationships_bp332x,14,235,235,3,0,-0.007871,nonzero
relationships_4zkbp3,106,1667,1667,53,2,0.010083,nonzero
relationships_bbbfo8,32,423,423,23,0,0.086942,nonzero
relationships_bdxw27,32,591,591,6,0,0.057191,nonzero
relationships_cl8svr,22,298,298,3,0,-0.010923,nonzero
relationships_uw5mvv,41,897,897,26,0,0.024134,nonzero
relationships_3g5394,31,554,554,16,1,-0.017230,nonzero
relationships_hetem6,61,1241,1241,20,1,-0.024213,nonzero
relationships_9mjhkw,44,736,736,31,1,0.148010,nonzero
relationships_l5jc7c,28,356,356,21,0,-0.005276,nonzero
relationships_8wotk9,19,355,355,10,0,0.023803,nonzero
relationships_g4ddku,19,353,353,8,0,-0.104008,nonzero
relationships_cvblpb,37,688,688,8,0,0.060996,nonzero
relationships_hfwaxf,52,981,981,16,0,-0.010656,nonzero
relationships_b8hwh8,40,850,850,11,0,0.041897,nonzero
relationships_9yhlte,30,767,767,15,2,0.078868,nonzero
relationships_kcx4yw,19,292,292,10,0,0.051860,nonzero
relationships_dfuy2g,118,1506,1506,45,0,-0.009470,nonzero
relationships_arj54z,26,468,468,14,0,0.063188,nonzero
relationships_o4c6y1,38,1084,1084,24,1,0.035360,nonzero
relationships_ed44xf,22,398,398,0,0,0.000000,nomatch
relationships_q1iqus,21,240,240,0,1,-0.006097,nonzero
relationships_ne1neo,18,195,195,5,0,-0.005142,nonzero
relationships_hzwqcy,59,973,973,20,2,0.038717,nonzero
relationships_gklndb,43,784,784,13,0,-0.026630,nonzero
relationships_hqzk0u,27,314,314,12,1,0.047305,nonzero
relationships_52hka7,66,990,990,28,3,0.008973,nonzero
relationships_lq5de8,22,281,281,3,0,0.005820,nonzero
relationships_m3l3uh,19,479,479,12,0,-0.120400,nonzero
relationships_g21ik6,62,1696,1696,45,6,-0.101946,nonzero
relationships_52r6o3,172,2742,2742,69,2,0.058876,nonzero
relationships_8wwfsw,24,377,377,7,0,0.013378,nonzero
relationships_9ysdlt,27,497,497,13,0,0.052674,nonzero
relationships_pfzrlo,20,276,276,6,1,0.125934,nonzero
relationships_8s86ql,31,839,839,26,0,-0.174384,nonzero
relationships_czw9lk,30,446,446,13,0,0.018640,nonzero
relationships_3ie7m5,40,591,591,10,0,0.014845,nonzero
relationships_mouqno,38,570,570,18,2,-0.058884,nonzero
relationships_abayxw,21,356,356,7,2,-0.028810,nonzero
relationships_lrcym1,15,293,293,10,1,0.036793,nonzero
relationships_9xlpzb,17,335,335,14,0,-0.050616,nonzero
relationships_bww1d5,15,190,190,3,0,0.023692,nonzero
relationships_2o0l1n,87,1177,1177,24,2,-0.050047,nonzero
relationships_9ti2nf,31,446,446,8,2,-0.062188,nonzero
relationships_a0g3v4,16,315,315,12,0,0.229404,nonzero
relationships_dacyra,29,430,430,13,0,-0.051582,nonzero
relationships_3rg439,26,493,493,5,0,-0.007177,nonzero
relationships_nqhc9l,26,353,353,13,1,0.055788,nonzero
relationships_ba520r,25,373,373,6,1,0.058749,nonzero
relationships_eubfeu,33,441,441,16,0,-0.057259,nonzero
relationships_4muwka,41,623,623,13,0,0.106536,nonzero
relationships_o0buhm,25,352,352,13,0,0.025377,nonzero
relationships_hrddje,17,376,376,12,0,0.168434,nonzero
relationships_jngvrf,25,569,569,22,0,-0.157106,nonzero
relationships_3eo2ic,45,592,592,8,0,0.043348,nonzero
relationships_lqdjmb,15,261,261,6,0,0.055703,nonzero
relationships_savz9y,17,319,319,8,0,0.081907,nonzero
relationships_bctq5b,60,1276,1276,24,0,-0.029411,nonzero
relationships_i8jgfi,35,521,521,15,0,0.087858,nonzero
relationships_3kkkcj,18,519,519,9,0,-0.092774,nonzero
relationships_dab8yj,43,1469,1469,35,1,0.022186,nonzero
relationships_ap8ipb,25,457,457,18,0,0.022824,nonzero
relationships_cmrrhv,17,337,337,7,0,-0.064220,nonzero
relationships_n21e9c,16,343,343,10,2,-0.188046,nonzero
relationships_c9dg8e,41,551,551,4,0,-0.029057,nonzero
relationships_msx4sa,25,439,439,14,0,0.036627,nonzero
relationships_ovxp6n,30,327,327,7,0,0.013462,nonzero
relationships_bcbbn7,14,308,308,4,0,0.035875,nonzero
relationships_fgn3fv,15,278,278,4,0,-0.008224,nonzero
relationships_4dxmdu,23,339,339,7,0,0.035178,nonzero
relationships_95st2n,23,253,253,4,0,0.014319,nonzero
relationships_aa98fn,22,635,635,15,1,-0.078536,nonzero
relationships_i4jkl6,52,815,815,37,0,0.040330,nonzero
relationships_d4gz6q,12,289,289,3,0,0.004380,nonzero
relationships_a67rsj,34,573,573,13,0,0.038803,nonzero
relationships_8q157i,7,108,108,1,0,0.018291,nonzero
relationships_7jfdqt,50,597,597,26,0,0.015955,nonzero
relationships_9qrxn7,51,822,822,16,0,-0.001805,nonzero
relationships_jcwxd4,58,823,823,22,1,0.024819,nonzero
relationships_2p3ih6,18,268,268,4,0,-0.022498,nonzero
relationships_hczgd8,24,499,499,11,0,0.068902,nonzero
relationships_39wmlt,27,325,325,3,1,-0.016810,nonzero
relationships_a8f7d1,28,806,806,25,2,0.084180,nonzero
relationships_90ionb,23,298,298,7,0,-0.072548,nonzero
relationships_lu2z2g,26,369,369,6,1,0.077325,nonzero
relationships_6e6hge,87,1932,1932,36,1,-0.020167,nonzero
relationships_gxpuj2,25,575,575,12,1,0.006398,nonzero
relationships_3fvooq,42,487,487,10,0,-0.082147,nonzero
relationships_9qdtu0,11,154,154,0,0,0.000000,nomatch
relationships_3fwuub,66,1301,1301,19,2,-0.023589,nonzero
relationships_566iga,22,311,311,6,1,0.063254,nonzero
relationships_eigtct,14,352,352,8,0,-0.033531,nonzero
relationships_9kznlb,28,509,509,6,0,-0.032389,nonzero
relationships_7zom8g,14,277,277,3,0,0.009146,nonzero
relationships_9du198,65,829,829,23,2,0.026763,nonzero
relationships_3novni,25,330,330,7,1,-0.029190,nonzero
relationships_bjikho,82,1427,1427,32,1,-0.089244,nonzero
relationships_eyrss4,15,245,245,5,0,0.116336,nonzero
relationships_h794s5,41,916,916,15,0,-0.028017,nonzero
relationships_asc5qx,23,386,386,5,1,0.029323,nonzero
relationships_4x6due,34,712,712,22,0,0.020499,nonzero
relationships_a84i3z,32,700,700,7,0,-0.039146,nonzero
relationships_3pudml,50,1160,1160,23,1,-0.037646,nonzero
relationships_eo6ykz,13,377,377,2,0,0.050855,nonzero
relationships_dwevbt,4,79,79,1,0,0.090289,nonzero
relationships_4ayb89,22,499,499,10,0,0.038521,nonzero
relationships_c4qiwy,15,310,310,9,0,-0.055339,nonzero
relationships_a0acid,17,335,335,8,0,0.120396,nonzero
relationships_7z936w,38,1175,1175,24,0,-0.040059,nonzero
relationships_3n57lm,57,930,930,19,1,-0.026563,nonzero
relationships_onvpca,28,339,339,15,0,0.141053,nonzero
relationships_4hs7k6,19,306,306,7,0,-0.100708,nonzero
relationships_al5zdu,5,126,126,2,0,0.108465,nonzero
relationships_517bj9,26,507,507,14,1,0.120324,nonzero
relationships_b3n6y7,39,649,649,21,0,-0.059635,nonzero
relationships_h0dhsh,16,290,290,10,0,-0.083893,nonzero
relationships_9zpoag,31,571,571,7,0,-0.005911,nonzero
relationships_3ra005,25,533,533,17,1,0.010860,nonzero
relationships_kju0nt,9,170,170,5,0,-0.051977,nonzero
relationships_e8l8zb,10,206,206,4,0,-0.026062,nonzero
relationships_4potyb,58,916,916,8,0,-0.031340,nonzero
relationships_f7ikcz,60,668,668,12,1,-0.003809,nonzero
relationships_48hn2k,15,237,237,3,1,-0.037774,nonzero
relationships_arp6jn,16,225,225,9,0,-0.233837,nonzero
relationships_3sant7,14,325,325,4,1,0.056402,nonzero
relationships_hpkndz,17,247,247,10,0,0.002046,nonzero
relationships_c2sc74,9,148,148,4,0,-0.167731,nonzero
relationships_92ssov,29,410,410,4,1,-0.033179,nonzero
relationships_l9jhzy,80,1365,1365,50,0,-0.110501,nonzero
relationships_djp7r1,34,516,516,10,0,-0.012247,nonzero
relationships_3v0qwm,24,491,491,11,0,0.089057,nonzero
relationships_ghnm3z,28,451,451,3,0,0.040849,nonzero
relationships_3ltbv6,18,270,270,9,0,-0.060323,nonzero
relationships_4lko2j,20,431,431,5,0,0.003112,nonzero
relationships_q9zzbs,33,830,830,11,0,0.001757,nonzero
relationships_445fph,58,1322,1322,26,0,0.036941,nonzero
relationships_9vjxrb,44,774,774,11,0,0.047376,nonzero
relationships_4acyyh,20,528,528,10,0,0.056968,nonzero
relationships_duiqnh,15,206,206,4,0,0.102155,nonzero
relationships_7kgmom,31,478,478,18,0,0.080400,nonzero
relationships_4upxcr,33,701,701,10,0,0.036453,nonzero
relationships_4z9cgn,87,1018,1018,19,5,0.008846,nonzero
relationships_4ou08h,51,573,573,12,4,0.020310,nonzero
relationships_n9c90l,24,602,602,20,0,0.119073,nonzero
relationships_4nulgv,41,708,708,25,1,0.042494,nonzero
relationships_amguq0,4,142,142,3,2,-0.094330,nonzero
relationships_nmhloz,20,355,355,16,0,0.050706,nonzero
relationships_bvsdrb,32,935,935,30,0,0.053060,nonzero
relationships_2z99ea,36,635,635,14,0,0.015477,nonzero
relationships_br84x0,23,283,283,10,0,-0.114292,nonzero
relationships_er9lo4,99,1577,1577,55,0,0.011873,nonzero
relationships_docv8v,60,1085,1085,20,0,0.028728,nonzero
relationships_aaevo8,18,477,477,17,0,-0.025998,nonzero
relationships_ev6ls7,19,410,410,2,0,-0.009024,nonzero
relationships_x6wi82,20,487,487,6,0,0.068926,nonzero
relationships_hodnvv,12,239,239,5,0,0.148488,nonzero
relationships_jet6a7,19,441,441,7,0,0.044780,nonzero
relationships_3s0ms0,59,819,819,15,0,-0.030122,nonzero
relationships_e9op2w,55,1009,1009,7,2,0.035736,nonzero
relationships_a1ury1,29,624,624,13,1,0.001354,nonzero
relationships_fwlbw9,27,409,409,5,0,0.024657,nonzero
relationships_32m5lj,61,1041,1041,15,0,0.009261,nonzero
relationships_3245h6,25,469,469,6,1,0.010737,nonzero
relationships_4yq796,18,317,317,2,0,-0.030331,nonzero
relationships_d0fifm,35,681,681,16,0,0.048874,nonzero
relationships_5gx506,18,255,255,4,0,-0.052808,nonzero
relationships_a6g9dk,39,790,790,11,0,0.046907,nonzero
relationships_afb24y,21,501,501,8,0,0.055877,nonzero
relationships_4oacaq,30,620,620,14,1,0.011830,nonzero
relationships_44il61,28,474,474,11,0,0.059262,nonzero
relationships_b9yf8t,17,254,254,6,0,0.056413,nonzero
relationships_36d73i,32,624,624,17,0,-0.027065,nonzero
relationships_53w447,38,710,710,20,0,0.010419,nonzero
relationships_abjake,47,789,789,16,0,-0.020539,nonzero
relationships_kyqjar,19,308,308,13,0,-0.026107,nonzero
relationships_3fmusk,29,377,377,5,1,-0.069489,nonzero
relationships_g2gm2h,16,302,302,10,2,-0.235648,nonzero
relationships_3t6azu,31,842,842,19,0,-0.034411,nonzero
relationships_52kufz,26,465,465,7,1,-0.053030,nonzero
relationships_99zefi,13,252,252,3,0,-0.060202,nonzero
relationships_9vrxi5,29,572,572,11,1,0.018438,nonzero
relationships_o32tvx,26,519,519,8,0,-0.028563,nonzero
relationships_fmc7q4,33,870,870,22,0,0.046760,nonzero
relationships_5omul9,21,340,340,6,0,0.027112,nonzero
relationships_496w95,18,545,545,9,0,0.083140,nonzero
relationships_5m730i,30,621,621,10,0,-0.061859,nonzero
relationships_kue9rm,15,277,277,7,0,-0.144570,nonzero
relationships_cja3l8,21,637,637,5,2,-0.066504,nonzero
relationships_4qxomu,42,726,726,10,0,-0.016458,nonzero
relationships_kzmpla,32,566,566,4,1,-0.019744,nonzero
relationships_bto2oo,35,724,724,15,2,-0.004867,nonzero
relationships_adftvf,55,956,956,30,1,-0.033236,nonzero
relationships_4dzxtx,66,945,945,11,1,-0.008707,nonzero
relationships_44xv3j,29,459,459,9,1,0.050110,nonzero
relationships_4lyc9a,34,763,763,9,2,-0.005787,nonzero
relationships_p6n201,40,437,437,8,0,0.037051,nonzero
relationships_7j6hws,32,740,740,10,1,-0.128523,nonzero
relationships_dq6oky,58,736,736,10,0,-0.007191,nonzero
relationships_3mlci4,45,925,925,14,3,-0.055749,nonzero
relationships_ab7uyu,43,592,592,12,0,-0.049635,nonzero
relationships_3fesvo,25,601,601,17,0,-0.069683,nonzero
relationships_bk7hn9,28,469,469,13,3,-0.044291,nonzero
relationships_3rdukg,13,123,123,5,0,-0.242866,nonzero
relationships_a9ef94,37,689,689,14,0,-0.008117,nonzero
relationships_i909r5,19,205,205,7,1,0.084400,nonzero
relationships_50wyhc,8,171,171,2,1,-0.067805,nonzero
relationships_4sms3v,20,288,288,5,0,0.000712,nonzero
relationships_co8b4l,22,330,330,8,0,-0.010755,nonzero
relationships_pj17y3,23,322,322,6,0,-0.063446,nonzero
relationships_ubyqk3,7,143,143,5,1,-0.129400,nonzero
relationships_cx0c26,21,367,367,8,0,0.046401,nonzero
relationships_awtnx5,14,205,205,2,0,-0.011348,nonzero
relationships_7ncait,28,474,474,9,0,0.041320,nonzero
relationships_2xdznt,45,663,663,10,0,-0.003400,nonzero
relationships_hn0j6j,52,960,960,24,0,-0.087446,nonzero
relationships_ibfil4,13,513,513,16,0,0.269189,nonzero
relationships_ollvr8,55,1114,1114,24,1,-0.021275,nonzero
relationships_3qzhm8,44,678,678,18,0,-0.088908,nonzero
relationships_hed8es,24,460,460,7,0,0.077151,nonzero
relationships_jqezuc,22,466,466,9,0,-0.027579,nonzero
relationships_8pv1v3,43,682,682,18,0,0.008986,nonzero
relationships_ciuine,45,900,900,16,0,-0.094166,nonzero
relationships_31utqc,42,532,532,11,0,0.010646,nonzero
relationships_doqmn9,18,441,441,19,0,-0.149128,nonzero
relationships_4iczj7,23,474,474,4,0,-0.035966,nonzero
relationships_4go7no,21,334,334,6,0,0.093425,nonzero
relationships_4lf8vk,11,150,150,1,0,-0.030905,nonzero
relationships_4brvcu,20,306,306,2,0,-0.008360,nonzero
relationships_mij4ms,16,311,311,8,0,-0.012312,nonzero
relationships_p1pg2b,50,713,713,19,0,-0.028063,nonzero
relationships_iijj64,53,1088,1088,29,1,0.042823,nonzero
relationships_60xit1,24,580,580,13,0,0.014270,nonzero
relationships_atg5kc,24,531,531,14,1,0.109485,nonzero
relationships_3tbtre,90,1635,1635,37,1,-0.102006,nonzero
relationships_4pn07j,28,679,679,9,0,-0.016496,nonzero
relationships_kmiu1k,28,409,409,8,0,-0.026554,nonzero
relationships_4kyqqe,34,484,484,5,0,-0.077266,nonzero
relationships_c99q2r,18,343,343,3,0,-0.005000,nonzero
relationships_3rps80,24,394,394,6,0,0.004632,nonzero
relationships_4kg7jb,27,649,649,5,0,0.004201,nonzero
relationships_3yj0un,16,279,279,8,2,0.060566,nonzero
relationships_x0fvsx,12,235,235,10,0,-0.166566,nonzero
relationships_42atwk,27,547,547,7,0,-0.028645,nonzero
relationships_grrrnt,13,398,398,7,0,-0.037241,nonzero
relationships_c6uni2,94,2221,2221,25,0,-0.007591,nonzero
relationships_3glzks,39,609,609,15,0,0.046076,nonzero
relationships_3o73kl,18,310,310,5,0,-0.010487,nonzero
relationship_advice_hmzvgt,36,460,460,9,0,0.078111,nonzero
relationship_advice_hjkgnj,46,698,698,13,0,0.021429,nonzero
relationship_advice_cxj6m4,11,220,220,7,0,-0.015059,nonzero
relationship_advice_hxuhig,24,324,324,7,0,-0.023750,nonzero
relationship_advice_j1ur51,40,534,534,11,2,0.051373,nonzero
relationship_advice_gxh3g6,50,1058,1058,25,1,-0.060366,nonzero
relationship_advice_awmlep,21,375,375,8,0,0.034342,nonzero
relationship_advice_i76nal,17,256,256,3,0,-0.003108,nonzero
relationship_advice_czhvrp,30,1011,1011,11,2,-0.085234,nonzero
relationship_advice_ca66sv,26,412,412,13,1,-0.155567,nonzero
relationship_advice_h9wv4x,25,330,330,10,0,0.033852,nonzero
relationship_advice_b3m2gk,28,573,573,16,0,0.022828,nonzero
relationship_advice_fv7ec7,46,957,957,15,1,0.026133,nonzero
relationship_advice_d4ofaz,20,395,395,6,0,0.060408,nonzero
relationship_advice_i19vny,20,328,328,8,0,0.053893,nonzero
relationship_advice_d1ka8d,92,1302,1302,30,2,-0.071176,nonzero
relationship_advice_hf2uy8,16,254,254,4,0,-0.041794,nonzero
relationship_advice_hshqzb,17,263,263,3,0,0.060134,nonzero
relationship_advice_him27x,28,446,446,4,0,0.019845,nonzero
relationship_advice_in7j0h,13,299,299,11,0,-0.169350,nonzero
relationship_advice_cx7vr0,18,331,331,6,0,0.036776,nonzero
relationship_advice_gphush,15,271,271,1,0,0.024077,nonzero
relationship_advice_hqdh6u,37,628,628,14,0,0.100979,nonzero
relationship_advice_gcez2h,11,164,164,4,0,-0.050408,nonzero
relationship_advice_hpf5l4,51,1135,1135,26,0,-0.121676,nonzero
relationship_advice_g4ws1j,17,236,236,1,0,-0.021245,nonzero
relationship_advice_avwpo0,97,1290,1290,21,2,-0.042753,nonzero
relationship_advice_ijgc4i,50,571,571,6,0,-0.006842,nonzero
relationship_advice_hw9ppi,28,601,601,6,0,-0.003669,nonzero
relationship_advice_b7lmii,110,1489,1489,26,1,-0.011882,nonzero
relationship_advice_gtcz33,37,657,657,13,1,-0.027479,nonzero
relationship_advice_ag5cnx,35,573,573,15,1,-0.003140,nonzero
relationship_advice_ita3mx,57,1021,1021,16,0,-0.055965,nonzero
relationship_advice_i8it65,11,147,147,6,0,-0.217284,nonzero
relationship_advice_iama3h,13,181,181,5,0,0.089350,nonzero
relationship_advice_cyx19m,26,420,420,2,0,0.027781,nonzero
relationship_advice_h7nxf4,10,164,164,1,0,-0.042146,nonzero
relationship_advice_hnklhw,9,183,183,4,0,-0.196303,nonzero
relationship_advice_ccpwcu,56,1213,1213,19,0,0.002712,nonzero
relationship_advice_ip8n1q,34,815,815,18,0,0.016335,nonzero
relationship_advice_htfqo9,17,340,340,8,0,0.032348,nonzero
relationship_advice_i9m1rr,15,256,256,5,0,0.034935,nonzero
relationship_advice_hpr67u,35,339,339,7,0,0.013418,nonzero
relationship_advice_gpa82s,122,2020,2020,32,3,-0.038055,nonzero
relationship_advice_gswmw3,23,432,432,3,0,0.007081,nonzero
relationship_advice_fpxm56,58,895,895,28,1,0.014243,nonzero
relationship_advice_ic4aos,27,414,414,7,0,-0.009914,nonzero
relationship_advice_cnnuk5,18,238,238,7,2,-0.194796,nonzero
relationship_advice_c2grcq,47,737,737,15,0,0.024564,nonzero
relationship_advice_i5d1vr,14,206,206,1,0,-0.017185,nonzero
relationship_advice_is8ayb,79,1342,1342,37,0,0.026538,nonzero
relationship_advice_bwxccc,36,417,417,3,0,0.012492,nonzero
relationship_advice_hflyqc,24,251,251,6,1,-0.097196,nonzero
relationship_advice_czqc2i,52,793,793,11,0,-0.017487,nonzero
relationship_advice_ecv01j,26,480,480,9,0,-0.095696,nonzero
relationship_advice_d0tzvs,15,249,249,7,0,0.008850,nonzero
relationship_advice_hzexoq,8,159,159,2,0,-0.114708,nonzero
relationship_advice_ig3hez,96,2041,2041,28,0,-0.024109,nonzero
relationship_advice_i2id3v,67,1158,1158,22,0,-0.003105,nonzero
relationship_advice_gbzt6z,95,1180,1180,39,1,-0.000285,nonzero
relationship_advice_got5f4,30,496,496,8,0,0.014896,nonzero
relationship_advice_hs8mjn,28,552,552,13,0,-0.144883,nonzero
relationship_advice_hy4vqw,51,768,768,8,1,-0.016571,nonzero
relationship_advice_gzr9c5,29,514,514,4,1,-0.048308,nonzero
relationship_advice_b32oa9,149,2964,2964,41,0,-0.021555,nonzero
relationship_advice_bhb9ar,20,314,314,2,0,-0.011656,nonzero
relationship_advice_ixplv5,30,394,394,14,0,-0.104815,nonzero
relationship_advice_hg7ovv,13,286,286,2,1,-0.050409,nonzero
relationship_advice_b9arq5,33,765,765,16,0,-0.058025,nonzero
relationship_advice_ibmiwf,153,2279,2279,54,2,-0.005884,nonzero
relationship_advice_i2llrp,70,1135,1135,19,3,-0.067901,nonzero
relationship_advice_i6k802,28,362,362,3,2,-0.051155,nonzero
relationship_advice_edvvxy,29,517,517,11,2,-0.091155,nonzero
relationship_advice_fvceaa,14,253,253,6,0,0.000000,cancel
relationship_advice_gy79dx,22,406,406,5,0,-0.044070,nonzero
relationship_advice_hygbp8,42,608,608,13,1,-0.061180,nonzero
relationship_advice_hrrf21,15,512,512,14,0,-0.196858,nonzero
relationship_advice_ieoa0z,12,212,212,4,0,0.016254,nonzero
relationship_advice_dsmcm0,69,969,969,18,1,0.022111,nonzero
relationship_advice_iftqhw,54,842,842,18,2,-0.018533,nonzero
relationship_advice_hxmh12,31,365,365,15,0,-0.086770,nonzero
relationship_advice_e025s8,24,1070,1070,30,0,-0.164515,nonzero
relationship_advice_if3xgf,22,368,368,10,0,0.031084,nonzero
relationship_advice_hm2azy,14,217,217,7,0,0.145107,nonzero
relationship_advice_ijx2zy,40,719,719,8,0,-0.035149,nonzero
relationship_advice_ertsws,28,392,392,1,1,0.004356,nonzero
relationship_advice_gw1jd3,7,78,78,3,0,0.032313,nonzero
relationship_advice_isyxrx,32,715,715,18,0,-0.089524,nonzero
relationship_advice_cy7neo,52,901,901,21,0,-0.006863,nonzero
relationship_advice_igx2rz,16,249,249,1,1,-0.034344,nonzero
relationship_advice_i6y27n,18,303,303,6,0,-0.017328,nonzero
relationship_advice_hkneb0,7,141,141,1,0,-0.035714,nonzero
relationship_advice_hbn4w3,35,762,762,15,0,-0.030028,nonzero
relationship_advice_h7brue,48,1189,1189,17,2,0.042594,nonzero
relationship_advice_i98ccy,41,1048,1048,25,0,0.106026,nonzero
relationship_advice_blird0,43,693,693,6,0,0.017136,nonzero
relationship_advice_hu9xlv,44,746,746,16,1,-0.024924,nonzero
relationship_advice_bi38sa,33,430,430,8,0,-0.022914,nonzero
relationship_advice_h9bwuh,33,606,606,19,0,-0.061580,nonzero
relationship_advice_hlt9ih,50,1267,1267,24,0,0.000241,nonzero
relationship_advice_ckodpt,14,196,196,1,0,0.038738,nonzero
relationship_advice_d4xn2j,47,672,672,17,0,-0.018173,nonzero
relationship_advice_ictbgd,29,455,455,2,0,-0.003543,nonzero
relationship_advice_cyh5cv,26,371,371,4,2,-0.010684,nonzero
relationship_advice_go0ocs,64,1010,1010,21,0,-0.057550,nonzero
relationship_advice_hapw69,23,419,419,9,0,0.109182,nonzero
relationship_advice_iuib3i,27,602,602,12,0,0.056944,nonzero
relationship_advice_hlgv6r,32,521,521,10,0,0.043841,nonzero
relationship_advice_irae0z,38,518,518,14,0,-0.018176,nonzero
relationship_advice_f7dfg1,28,541,541,9,0,-0.008093,nonzero
relationship_advice_hrou7t,89,1398,1398,39,1,-0.032342,nonzero
relationship_advice_g3frb9,27,483,483,13,0,0.071456,nonzero
relationship_advice_iy8jfi,33,493,493,9,0,-0.020306,nonzero
relationship_advice_i7zimx,32,676,676,14,0,-0.046471,nonzero
relationship_advice_fubn0u,36,563,563,16,0,0.023286,nonzero
relationship_advice_e4zu6s,48,916,916,14,0,-0.022322,nonzero
relationship_advice_hw1vdy,9,168,168,0,0,0.000000,nomatch
relationship_advice_ivo732,26,396,396,9,0,-0.118918,nonzero
relationship_advice_hdi6lt,50,1126,1126,27,3,-0.033172,nonzero
relationship_advice_j4bpk7,65,1148,1148,22,0,-0.040661,nonzero
relationship_advice_fmh62m,5,116,116,2,0,-0.046624,nonzero
relationship_advice_g9pbol,16,273,273,8,0,-0.147155,nonzero
relationship_advice_i0njgh,7,134,134,2,0,-0.105021,nonzero
relationship_advice_imozyq,20,402,402,13,0,-0.266350,nonzero
relationship_advice_8x0yms,71,1663,1663,27,0,0.005790,nonzero
relationship_advice_aap3jo,59,1055,1055,15,0,-0.028409,nonzero
relationship_advice_fgdjw7,104,1451,1451,12,2,-0.023582,nonzero
relationship_advice_gwdaw1,38,649,649,13,0,0.080599,nonzero
relationship_advice_hins1e,19,406,406,6,0,-0.057209,nonzero
relationship_advice_h0f3v1,32,596,596,15,0,-0.010894,nonzero
relationship_advice_htnyo6,54,1211,1211,30,0,-0.053363,nonzero
relationship_advice_gojmbo,86,1255,1255,21,6,0.040369,nonzero
relationship_advice_g0pxlk,57,671,671,13,0,-0.044835,nonzero
relationship_advice_iw3n0d,42,788,788,9,4,-0.023252,nonzero
relationship_advice_bnagtv,28,436,436,7,1,-0.042383,nonzero
relationship_advice_itxur8,37,549,549,10,2,-0.058263,nonzero
relationship_advice_a2qwqk,30,682,682,5,0,-0.025745,nonzero
relationship_advice_igl2hr,44,774,774,12,0,0.001716,nonzero
relationship_advice_e2p524,39,495,495,7,0,0.000982,nonzero
relationship_advice_dym9jt,43,738,738,10,4,-0.047064,nonzero
relationship_advice_hwmll2,30,901,901,13,0,-0.020099,nonzero
relationship_advice_hhhq2f,56,1054,1054,45,0,-0.051418,nonzero
relationship_advice_duk7rb,170,2569,2569,49,0,0.032757,nonzero
relationship_advice_h7w3b7,30,523,523,8,0,0.008357,nonzero
relationship_advice_gmatau,15,262,262,4,0,-0.102212,nonzero
relationship_advice_hlk24c,26,382,382,4,2,-0.027961,nonzero
relationship_advice_csi2q5,16,262,262,4,0,-0.032795,nonzero
relationship_advice_izeyqj,12,157,157,2,0,0.030096,nonzero
relationship_advice_ddol0a,29,524,524,5,0,0.059659,nonzero
relationship_advice_ifbgdu,18,279,279,2,0,0.005657,nonzero
relationship_advice_fdzm9q,25,469,469,2,1,-0.028596,nonzero
relationship_advice_ix84tt,47,1288,1288,25,0,0.062482,nonzero
relationship_advice_hml5aw,53,958,958,19,1,-0.012695,nonzero
relationship_advice_heszvw,65,736,736,22,3,-0.076797,nonzero
relationship_advice_iiscjb,25,439,439,5,0,0.089359,nonzero
relationship_advice_i3izig,26,343,343,6,1,-0.066876,nonzero
relationship_advice_a492j5,126,2076,2076,38,4,-0.029036,nonzero
relationship_advice_ih3qov,28,403,403,6,0,-0.029880,nonzero
relationship_advice_hsv605,6,161,161,4,0,0.081532,nonzero
relationship_advice_hc7p4w,13,337,337,5,0,-0.071795,nonzero
relationship_advice_c3c2s3,104,1130,1130,15,0,0.014485,nonzero
relationship_advice_afczbg,12,174,174,5,0,0.177634,nonzero
relationship_advice_a9jdy7,78,1067,1067,13,0,0.018364,nonzero
relationship_advice_grbrxr,10,182,182,2,0,-0.009950,nonzero
relationship_advice_huufju,31,938,938,15,0,0.000790,nonzero
relationship_advice_bynyu9,39,853,853,17,0,-0.001574,nonzero
relationship_advice_d15fol,14,311,311,5,2,0.021434,nonzero
relationship_advice_c1o3ou,54,749,749,17,0,0.003542,nonzero
relationship_advice_ddanvc,17,415,415,9,0,0.061511,nonzero
relationship_advice_e4eiez,47,764,764,18,3,0.001255,nonzero
relationship_advice_ivizev,14,246,246,3,2,-0.062279,nonzero
relationship_advice_aqkded,27,445,445,4,0,-0.042096,nonzero
relationship_advice_afwd24,13,251,251,3,0,0.001712,nonzero
relationship_advice_i236km,24,357,357,9,0,-0.051358,nonzero
relationship_advice_cj8egj,35,542,542,14,1,0.000788,nonzero
relationship_advice_eqfcej,55,876,876,13,0,0.002495,nonzero
relationship_advice_anh0p9,41,616,616,7,1,-0.047009,nonzero
relationship_advice_aw620c,32,623,623,9,0,0.061987,nonzero
relationship_advice_dsj4nn,70,1205,1205,14,3,0.001302,nonzero
relationship_advice_buthr1,7,114,114,1,0,-0.065547,nonzero
relationship_advice_irpvm5,45,715,715,15,0,0.075432,nonzero
relationship_advice_bf4w4x,13,198,198,7,0,0.032035,nonzero
relationship_advice_ddimvo,19,251,251,7,0,-0.088138,nonzero
relationship_advice_e9uyf8,43,758,758,17,0,0.008831,nonzero
relationship_advice_gz52uh,10,226,226,7,0,-0.089330,nonzero
relationship_advice_aw9dzh,21,187,187,2,0,0.001811,nonzero
relationship_advice_d1uwj7,19,344,344,3,0,-0.048203,nonzero
relationship_advice_aun72q,54,617,617,15,0,0.034006,nonzero
relationship_advice_gtg22x,26,496,496,12,0,-0.010923,nonzero
relationship_advice_f1uoo2,28,546,546,11,1,0.028364,nonzero
relationship_advice_iweaes,33,620,620,15,0,-0.085247,nonzero
relationship_advice_i6o2sk,25,331,331,8,0,-0.003040,nonzero
relationship_advice_imf3cz,21,388,388,11,0,0.163331,nonzero
relationship_advice_bb6tv5,66,1388,1388,29,1,-0.084428,nonzero
relationship_advice_io7bsw,17,393,393,12,0,-0.010315,nonzero
relationship_advice_i3rqg9,27,502,502,4,1,-0.031178,nonzero
relationship_advice_gqsqd8,29,565,565,5,2,0.030455,nonzero
relationship_advice_b4gq9w,12,124,124,1,0,-0.021805,nonzero
relationship_advice_cxr0sp,57,741,741,14,3,-0.031380,nonzero
relationship_advice_a03zh9,29,618,618,15,1,-0.009458,nonzero
relationship_advice_bd1wj8,19,202,202,4,0,-0.005437,nonzero
relationship_advice_fygql7,16,351,351,10,1,0.038311,nonzero
relationship_advice_d2ds6u,50,914,914,14,1,-0.092810,nonzero
relationship_advice_gqc0lf,21,236,236,9,0,-0.053319,nonzero
relationship_advice_g15i07,32,593,593,6,1,-0.008482,nonzero
relationship_advice_971m2x,46,667,667,11,2,0.029934,nonzero
relationship_advice_iwrfax,22,462,462,16,3,0.178200,nonzero
relationship_advice_blf7xp,35,531,531,7,0,0.001383,nonzero
relationship_advice_efnn56,115,1353,1353,20,0,0.021295,nonzero
relationship_advice_adpyl8,16,331,331,6,0,0.017529,nonzero
relationship_advice_f71dnx,32,574,574,9,2,-0.071732,nonzero
relationship_advice_c13s1w,59,829,829,30,2,-0.024257,nonzero
relationship_advice_hfbp98,32,1152,1152,23,0,-0.072937,nonzero
relationship_advice_g3x37g,51,720,720,10,2,-0.002332,nonzero
relationship_advice_gi9vko,29,514,514,12,0,-0.120606,nonzero
relationship_advice_hctqfj,12,295,295,6,0,0.059750,nonzero
relationship_advice_h0urwu,16,269,269,5,0,0.014963,nonzero
relationship_advice_hx1i21,23,678,678,14,0,-0.071197,nonzero
relationship_advice_brs5pc,25,291,291,3,0,-0.027120,nonzero
relationship_advice_eguu88,29,437,437,3,0,0.007758,nonzero
relationship_advice_ax601h,19,415,415,17,0,-0.017569,nonzero
relationship_advice_dje1ta,32,673,673,22,2,-0.166990,nonzero
relationship_advice_148ysit,24,536,536,13,1,0.048487,nonzero
relationship_advice_e73l8f,20,238,238,2,0,0.003260,nonzero
relationship_advice_axkv7v,37,406,406,5,0,-0.030820,nonzero
relationship_advice_g7rw4k,31,506,506,14,0,-0.095358,nonzero
relationship_advice_iwxcuh,22,591,591,15,0,0.081323,nonzero
relationship_advice_izrhmn,22,453,453,11,1,-0.134034,nonzero
relationship_advice_cd2qxf,23,404,404,7,0,-0.042349,nonzero
relationship_advice_h130y2,53,874,874,10,2,0.002535,nonzero
relationship_advice_aa3wtq,9,192,192,3,0,-0.044087,nonzero
relationship_advice_at3fsi,32,327,327,11,3,0.042951,nonzero
relationship_advice_i5zmi7,35,751,751,11,0,0.006887,nonzero
relationship_advice_g2jdjz,29,694,694,15,2,0.065072,nonzero
relationship_advice_cb9wkl,30,511,511,7,0,0.020436,nonzero
relationship_advice_j09xqg,20,493,493,5,0,-0.018170,nonzero
relationship_advice_bjikr9,74,1487,1487,46,0,-0.072466,nonzero
relationship_advice_dn1q0t,15,435,435,6,0,-0.097845,nonzero
relationship_advice_diuo5c,58,949,949,19,2,0.032057,nonzero
relationship_advice_blu5qk,125,1551,1551,27,1,-0.021911,nonzero
relationship_advice_gy1vd4,74,1141,1141,29,0,-0.037037,nonzero
relationship_advice_fbyqvq,31,385,385,3,0,-0.018427,nonzero
relationship_advice_d2ov7l,20,285,285,1,0,-0.028594,nonzero
relationship_advice_i8r3yc,16,214,214,1,0,0.009568,nonzero
relationship_advice_deaccl,45,582,582,4,0,-0.004803,nonzero
relationship_advice_akodbj,17,289,289,8,0,-0.073634,nonzero
relationship_advice_gkvb89,31,500,500,9,0,-0.076159,nonzero
relationship_advice_in04pl,29,627,627,14,0,-0.045764,nonzero
relationship_advice_cc3mlx,26,492,492,8,2,0.025340,nonzero
relationship_advice_gn1oda,22,562,562,13,0,0.071194,nonzero
relationship_advice_hu4793,7,145,145,0,0,0.000000,nomatch
relationship_advice_hv5tgx,27,364,364,11,0,-0.019255,nonzero
relationship_advice_idsywt,13,248,248,1,0,-0.035295,nonzero
relationship_advice_hlb6ub,18,394,394,9,0,0.005308,nonzero
relationship_advice_d36bvg,19,265,265,6,0,-0.017475,nonzero
relationship_advice_dwwpsc,55,1076,1076,14,1,0.017173,nonzero
relationship_advice_b6fd8u,55,959,959,12,1,0.022340,nonzero
relationship_advice_gpwsn0,22,467,467,11,2,-0.032643,nonzero
relationship_advice_eemzdf,17,524,524,13,2,-0.036352,nonzero
relationship_advice_152ckkp,142,1963,1963,32,3,-0.027285,nonzero
relationship_advice_cxzlcz,73,1539,1539,30,3,0.023310,nonzero
BreakUps_9t6t4t,41,504,504,19,1,-0.050200,nonzero
BreakUps_kcts7l,71,469,469,22,1,0.020855,nonzero
BreakUps_1g8el6q,14,165,165,5,0,0.053091,nonzero
BreakUps_sc0tn4,111,2361,2361,85,0,-0.068455,nonzero
BreakUps_a5e3ei,18,288,288,4,0,0.049422,nonzero
BreakUps_pvcp2x,15,251,251,16,0,-0.063978,nonzero
BreakUps_n6qqol,27,490,490,8,0,0.017851,nonzero
BreakUps_c00tal,22,154,154,12,0,0.036920,nonzero
BreakUps_lb02fo,8,107,107,5,0,0.140892,nonzero
BreakUps_d340g7,526,6591,6591,253,4,-0.018357,nonzero
BreakUps_m5p0ox,37,418,418,14,0,-0.035444,nonzero
BreakUps_gjyve5,64,855,855,25,0,0.040120,nonzero
BreakUps_16o1r47,35,486,486,28,0,0.055554,nonzero
BreakUps_b814f0,5,89,89,4,0,-0.113694,nonzero
BreakUps_ak17dv,31,405,405,22,1,0.148585,nonzero
BreakUps_1j85bwa,7,130,130,4,0,0.016077,nonzero
BreakUps_1cgalt5,7,106,106,2,0,0.080492,nonzero
BreakUps_r26iks,18,167,167,11,0,0.077022,nonzero
BreakUps_kz88g4,41,154,154,7,0,0.056785,nonzero
BreakUps_bs2vow,37,1190,1190,52,1,-0.116920,nonzero
BreakUps_v4tylm,92,1794,1794,86,0,-0.032859,nonzero
BreakUps_8d2l3z,13,164,164,22,0,0.411275,nonzero
BreakUps_1kt88g8,44,288,288,10,0,0.009715,nonzero
BreakUps_1fvoyxs,42,311,311,7,0,-0.035219,nonzero
BreakUps_1kwyv4j,5,68,68,0,0,0.000000,nomatch
BreakUps_7k7nqd,162,2723,2723,85,0,0.013519,nonzero
BreakUps_qt18af,23,395,395,16,0,-0.003503,nonzero
BreakUps_m9qsnj,134,1504,1504,42,0,-0.018738,nonzero
BreakUps_b202nc,10,156,156,7,0,0.304148,nonzero
BreakUps_1hg1dku,46,808,808,49,0,0.062582,nonzero
BreakUps_c8q1tz,44,509,509,18,0,-0.072337,nonzero
BreakUps_kvca3k,14,171,171,5,0,0.016085,nonzero
BreakUps_fw3xfo,84,1845,1845,67,1,0.022112,nonzero
BreakUps_11khs06,7,84,84,4,0,-0.086444,nonzero
BreakUps_1jrajv9,58,602,602,35,0,0.128501,nonzero
BreakUps_fg0t1m,147,2596,2596,79,0,0.016093,nonzero
BreakUps_agpxoq,17,249,249,12,0,-0.068697,nonzero
BreakUps_10c3qr5,10,286,286,4,0,0.125965,nonzero
BreakUps_1lfcfpx,47,460,460,17,0,-0.012799,nonzero
BreakUps_14qgbpt,14,220,220,8,0,0.044129,nonzero
BreakUps_1l7vtad,22,167,167,10,0,0.006773,nonzero
BreakUps_nvzlta,5,90,90,2,0,-0.016699,nonzero
BreakUps_lxvov6,22,253,253,10,1,0.012538,nonzero
BreakUps_wp8305,11,252,252,6,0,0.128658,nonzero
BreakUps_vzb29h,207,2536,2536,108,3,0.008911,nonzero
BreakUps_mh6eh5,10,111,111,3,0,0.154348,nonzero
BreakUps_1ndabp8,36,512,512,13,0,-0.109060,nonzero
BreakUps_rr3nwd,36,538,538,19,1,0.041202,nonzero
BreakUps_u6guq3,18,224,224,6,0,-0.007174,nonzero
BreakUps_1ecv122,5,66,66,3,0,0.184557,nonzero
BreakUps_a9xfgb,61,1275,1275,32,0,-0.005812,nonzero
BreakUps_caa03o,41,490,490,6,0,-0.008651,nonzero
BreakUps_1fk16yf,15,184,184,8,0,0.015734,nonzero
BreakUps_1jctb7a,74,821,821,22,0,-0.018114,nonzero
BreakUps_ilhmlw,8,137,137,0,0,0.000000,nomatch
BreakUps_eiq4mj,5,62,62,0,0,0.000000,nomatch
BreakUps_1cwy1cg,33,434,434,18,0,0.055794,nonzero
BreakUps_ljlq3r,42,628,628,15,0,-0.029776,nonzero
BreakUps_awepa7,38,307,307,5,0,-0.017237,nonzero
BreakUps_1gp5kbd,46,429,429,13,0,-0.007750,nonzero
BreakUps_1knkmh2,49,381,381,14,0,-0.040536,nonzero
BreakUps_zqdnlu,69,722,722,20,1,0.001368,nonzero
BreakUps_12hdbxh,17,245,245,4,0,-0.038933,nonzero
BreakUps_1guagcr,93,1184,1184,50,0,0.037705,nonzero
BreakUps_1oqw0ic,82,2214,2214,64,0,0.017840,nonzero
BreakUps_na86oe,7,110,110,0,0,0.000000,nomatch
BreakUps_1hev61k,12,86,86,7,0,0.099059,nonzero
BreakUps_1jgsca4,47,490,490,15,0,-0.077788,nonzero
BreakUps_lgmd7q,15,270,270,7,0,0.074195,nonzero
BreakUps_1r6y7mc,16,178,178,14,0,0.088251,nonzero
BreakUps_lr4skm,55,1489,1489,56,2,0.095274,nonzero
BreakUps_1mthxkt,44,359,359,8,0,-0.054211,nonzero
BreakUps_1dsaaam,18,262,262,11,0,0.052827,nonzero
BreakUps_motwzu,37,705,705,19,0,0.036476,nonzero
BreakUps_1ef63xc,14,216,216,9,0,0.100855,nonzero
BreakUps_m9dyf6,27,354,354,10,0,-0.018186,nonzero
BreakUps_o179it,11,138,138,8,0,0.109696,nonzero
BreakUps_188z0kn,5,94,94,5,0,-0.184927,nonzero
BreakUps_py3zvp,6,121,121,3,0,-0.070244,nonzero
BreakUps_1kpwyjx,9,180,180,10,0,-0.055425,nonzero
BreakUps_1381jk7,183,2001,2001,62,0,-0.012567,nonzero
BreakUps_i2gjbw,114,1534,1534,37,0,0.024950,nonzero
BreakUps_1fe6l6e,52,912,912,37,1,0.169794,nonzero
BreakUps_1m0v215,7,72,72,3,0,0.136659,nonzero
BreakUps_hcww1x,7,73,73,4,0,0.062468,nonzero
BreakUps_1pw42k8,119,1042,1042,46,0,0.002098,nonzero
BreakUps_lewcy6,65,410,410,26,0,0.008795,nonzero
BreakUps_pa0mjs,13,178,178,10,0,-0.252504,nonzero
BreakUps_1huxo0h,81,923,923,32,0,0.020700,nonzero
BreakUps_1ebqpl4,15,184,184,9,0,0.097663,nonzero
BreakUps_1gi22qk,35,485,485,18,0,0.051987,nonzero
BreakUps_1ft7wf4,14,155,155,5,0,-0.082799,nonzero
BreakUps_p0zmbs,51,572,572,9,0,-0.001673,nonzero
BreakUps_vb7gcq,18,229,229,9,0,-0.011998,nonzero
BreakUps_j624mn,192,1925,1925,88,0,0.028695,nonzero
BreakUps_986i96,17,231,231,10,0,0.011123,nonzero
BreakUps_krxtgx,84,704,704,18,0,-0.028670,nonzero
BreakUps_jm9w0m,25,351,351,5,0,0.029092,nonzero
BreakUps_a8hkss,9,143,143,7,1,0.192682,nonzero
BreakUps_1glojlv,31,480,480,10,0,0.110459,nonzero
BreakUps_1gge8mq,11,169,169,7,0,0.037771,nonzero
BreakUps_s78fmw,74,789,789,24,0,-0.047990,nonzero
BreakUps_1s625wc,10,79,79,4,0,-0.024864,nonzero
BreakUps_x7bm9s,59,638,638,21,0,0.026942,nonzero
BreakUps_jhwhep,59,1231,1231,49,0,-0.045792,nonzero
BreakUps_1lpurxs,25,174,174,21,0,0.009827,nonzero
BreakUps_uwckx6,16,87,87,3,0,0.091107,nonzero
BreakUps_gtywm4,61,775,775,19,0,0.064558,nonzero
BreakUps_1n88iy6,8,141,141,5,0,0.116964,nonzero
BreakUps_14z4qu7,23,364,364,11,0,-0.024222,nonzero
BreakUps_hgz5qr,41,380,380,22,0,0.118501,nonzero
BreakUps_9ezc7b,22,210,210,7,0,-0.031451,nonzero
BreakUps_1aoljlx,16,224,224,8,0,-0.121392,nonzero
BreakUps_1q8z3x5,57,551,551,27,1,0.003603,nonzero
BreakUps_1lbvclx,110,1188,1188,65,0,0.000804,nonzero
BreakUps_130x3py,16,208,208,9,0,0.152996,nonzero
BreakUps_8abnt2,40,697,697,19,0,0.040661,nonzero
BreakUps_focnh9,5,64,64,0,0,0.000000,nomatch
BreakUps_xnw50w,10,202,202,6,1,-0.160938,nonzero
BreakUps_a7bwxp,10,150,150,6,0,-0.188671,nonzero
BreakUps_ucq0x9,25,452,452,27,1,-0.052205,nonzero
BreakUps_1o0a0qv,29,184,184,12,0,0.047280,nonzero
BreakUps_phaj13,10,126,126,11,0,0.271310,nonzero
BreakUps_guzo6v,19,263,263,3,0,-0.027297,nonzero
BreakUps_ieop0d,51,547,547,37,0,0.148495,nonzero
BreakUps_1fz7rwq,9,256,256,9,0,0.021077,nonzero
BreakUps_1il41gb,11,481,481,14,0,-0.162303,nonzero
BreakUps_b8bbl1,31,394,394,24,0,0.098493,nonzero
BreakUps_14pscyc,58,823,823,36,0,-0.034834,nonzero
BreakUps_vfmqa3,9,116,116,4,0,-0.089359,nonzero
BreakUps_1eaadrd,8,81,81,6,0,0.016241,nonzero
BreakUps_tjswk2,6,64,64,6,0,0.147173,nonzero
BreakUps_efjuh3,18,64,64,0,0,0.000000,nomatch
BreakUps_cd4v0i,27,291,291,20,0,-0.029710,nonzero
BreakUps_laj3ir,63,740,740,30,1,0.014853,nonzero
BreakUps_j7hnb8,10,194,194,5,0,0.029343,nonzero
BreakUps_l5tysz,13,303,303,10,1,-0.072757,nonzero
BreakUps_1foothm,58,508,508,22,0,0.054457,nonzero
BreakUps_m5dvqs,65,780,780,28,0,0.001053,nonzero
BreakUps_dg50ll,4,73,73,3,0,-0.105366,nonzero
BreakUps_yprz6y,27,296,296,18,0,0.008180,nonzero
BreakUps_q6st6h,53,470,470,18,0,0.050121,nonzero
BreakUps_1m2ckkz,21,300,300,5,0,0.088432,nonzero
BreakUps_1ki2p7v,39,341,341,12,0,-0.031246,nonzero
BreakUps_1gqxabe,15,226,226,4,0,0.069246,nonzero
BreakUps_1pkwipa,20,369,369,23,0,-0.052761,nonzero
BreakUps_1k97ukn,26,246,246,7,0,0.052867,nonzero
BreakUps_kqiop0,6,76,76,2,0,0.110187,nonzero
BreakUps_1mi7u6m,80,607,607,25,0,-0.024439,nonzero
BreakUps_iyatow,88,1310,1310,82,0,-0.077605,nonzero
BreakUps_1els91a,17,314,314,9,0,0.051414,nonzero
BreakUps_1br4iz0,14,166,166,8,0,0.127700,nonzero
BreakUps_1dcrmiy,38,437,437,14,0,0.072816,nonzero
BreakUps_1lggca5,16,257,257,6,1,0.015728,nonzero
BreakUps_1d2mrg4,36,521,521,19,0,-0.024759,nonzero
BreakUps_1m237d7,73,665,665,24,0,-0.058613,nonzero
BreakUps_14p7hjj,16,252,252,11,0,-0.042036,nonzero
BreakUps_dm317v,68,1391,1391,41,0,0.071484,nonzero
BreakUps_i2tqil,6,79,79,1,0,0.090388,nonzero
BreakUps_1lib17n,31,322,322,10,2,-0.071451,nonzero
BreakUps_1gn4r3q,13,112,112,5,0,-0.130757,nonzero
BreakUps_1k6ob3b,27,307,307,16,0,0.026438,nonzero
BreakUps_he7lax,47,529,529,21,1,-0.000678,nonzero
BreakUps_1ld87bg,24,346,346,22,0,0.043548,nonzero
BreakUps_1ie05r7,14,172,172,3,0,-0.053913,nonzero
BreakUps_1hvfp8w,32,546,546,23,0,-0.028144,nonzero
BreakUps_p297lp,16,147,147,8,0,0.032039,nonzero
BreakUps_9a8kwl,15,150,150,3,0,0.077619,nonzero
BreakUps_1n9bn2m,23,295,295,12,0,-0.061917,nonzero
BreakUps_15sdlw0,14,92,92,4,0,0.083500,nonzero
BreakUps_oqxus2,5,104,104,3,0,0.050243,nonzero
BreakUps_1j99k46,5,104,104,2,0,-0.043835,nonzero
survivinginfidelity_iqrtds,167,2156,2156,37,1,-0.032892,nonzero
survivinginfidelity_ov2rio,17,224,224,7,0,-0.041934,nonzero
survivinginfidelity_lh8knr,10,84,84,2,0,0.006791,nonzero
survivinginfidelity_k7cxpp,63,705,705,10,0,-0.058304,nonzero
survivinginfidelity_iv8gfh,327,4816,4816,97,4,-0.015699,nonzero
survivinginfidelity_oa62oj,11,119,119,2,0,-0.010271,nonzero
survivinginfidelity_l6oozl,63,1076,1076,35,0,-0.090417,nonzero
survivinginfidelity_is66hn,51,1929,1929,38,0,-0.113146,nonzero
survivinginfidelity_mfbfvf,17,204,204,7,0,-0.078461,nonzero
survivinginfidelity_o0eyfg,34,417,417,9,3,-0.069672,nonzero
survivinginfidelity_tq0jbj,39,489,489,7,0,-0.010670,nonzero
survivinginfidelity_mor2ex,16,268,268,12,0,0.098209,nonzero
survivinginfidelity_lnge9o,21,291,291,4,0,-0.009256,nonzero
survivinginfidelity_i72jlq,37,521,521,22,0,-0.084917,nonzero
survivinginfidelity_mkhx4j,10,187,187,3,0,-0.104440,nonzero
survivinginfidelity_j0ra69,13,281,281,3,0,-0.118741,nonzero
survivinginfidelity_d07x16,150,1965,1965,45,2,-0.043013,nonzero
survivinginfidelity_nvy786,27,322,322,6,0,-0.016894,nonzero
survivinginfidelity_jgvhp0,41,1353,1353,31,1,0.040932,nonzero
survivinginfidelity_vqfd1e,64,1280,1280,33,0,0.039469,nonzero
survivinginfidelity_nfapka,22,654,654,17,0,-0.088715,nonzero
survivinginfidelity_ln2aj7,33,545,545,18,0,-0.133091,nonzero
survivinginfidelity_gp0e64,34,468,468,15,0,-0.141622,nonzero
survivinginfidelity_k5t0l9,10,88,88,1,0,-0.057895,nonzero
survivinginfidelity_lwlbcv,25,457,457,10,0,0.040034,nonzero
survivinginfidelity_kni1ug,50,738,738,9,0,0.016275,nonzero
survivinginfidelity_k6zzrt,22,229,229,7,0,-0.192202,nonzero
survivinginfidelity_on2j30,20,237,237,12,0,-0.155802,nonzero
survivinginfidelity_liufi9,6,117,117,9,0,-0.327047,nonzero
survivinginfidelity_jiykdn,82,975,975,27,0,-0.034377,nonzero
survivinginfidelity_xeanhs,29,851,851,19,1,0.041502,nonzero
survivinginfidelity_1og9qpk,49,464,464,12,1,0.022068,nonzero
survivinginfidelity_lp1t7u,9,82,82,1,0,-0.040129,nonzero
survivinginfidelity_d8a47a,424,5508,5508,71,3,-0.008565,nonzero
survivinginfidelity_s10s7p,70,801,801,14,0,-0.004061,nonzero
survivinginfidelity_l41dl9,69,1788,1788,50,2,0.053864,nonzero
survivinginfidelity_m16cxb,44,661,661,12,0,-0.036402,nonzero
survivinginfidelity_kp5mmb,47,479,479,10,0,-0.057798,nonzero
survivinginfidelity_mu5b1z,54,762,762,29,1,-0.028978,nonzero
survivinginfidelity_lauua9,18,260,260,14,0,-0.074520,nonzero
survivinginfidelity_ll1dpv,40,582,582,26,2,-0.045218,nonzero
survivinginfidelity_kjqmcw,8,155,155,10,0,-0.063345,nonzero
survivinginfidelity_j56kmw,29,933,933,26,1,0.037042,nonzero
survivinginfidelity_urdctc,13,146,146,7,0,-0.185795,nonzero
survivinginfidelity_k7td5o,26,230,230,8,0,-0.064166,nonzero
survivinginfidelity_l05prk,56,860,860,24,0,-0.038871,nonzero
survivinginfidelity_kgdw20,17,302,302,8,0,0.044366,nonzero
survivinginfidelity_tcfuas,13,256,256,9,0,-0.237375,nonzero
survivinginfidelity_owgmk7,42,530,530,13,0,0.044418,nonzero
survivinginfidelity_tqdt70,20,260,260,16,0,-0.210220,nonzero
survivinginfidelity_ciwczt,48,503,503,7,0,0.012541,nonzero
survivinginfidelity_b9bewe,17,305,305,5,0,-0.066842,nonzero
survivinginfidelity_108veuv,17,215,215,7,0,-0.052853,nonzero
survivinginfidelity_nli59f,34,930,930,41,0,-0.273187,nonzero
survivinginfidelity_mabtik,18,177,177,4,0,0.017675,nonzero
survivinginfidelity_tn68op,8,181,181,1,0,-0.057354,nonzero
survivinginfidelity_kuhg60,47,717,717,21,1,-0.014647,nonzero
survivinginfidelity_l3nndt,15,254,254,7,0,-0.131534,nonzero
survivinginfidelity_lkf8fb,5,90,90,3,0,-0.291848,nonzero
survivinginfidelity_k624fd,36,494,494,14,1,0.031339,nonzero
survivinginfidelity_sd87ag,20,290,290,12,0,-0.123674,nonzero
survivinginfidelity_kx9u1c,43,754,754,10,0,-0.044515,nonzero
survivinginfidelity_k919ca,28,473,473,13,0,-0.095921,nonzero
survivinginfidelity_nzs03o,18,441,441,8,0,0.089566,nonzero
survivinginfidelity_1ngh3hv,141,2095,2095,31,0,-0.024061,nonzero
survivinginfidelity_kdbqk1,20,492,492,9,0,0.019277,nonzero
survivinginfidelity_wf1mif,67,661,661,38,0,0.021537,nonzero
survivinginfidelity_1bbd31t,46,718,718,16,0,-0.026744,nonzero
survivinginfidelity_hvj9l7,61,1322,1322,25,1,-0.085962,nonzero
survivinginfidelity_b2njxr,75,1307,1307,21,0,-0.023645,nonzero
survivinginfidelity_rr48lh,61,603,603,14,1,-0.005483,nonzero
survivinginfidelity_kiet4w,30,243,243,9,0,-0.021258,nonzero
survivinginfidelity_nt3ohp,62,685,685,32,0,-0.058037,nonzero
survivinginfidelity_mh5enz,53,776,776,26,0,-0.147632,nonzero
survivinginfidelity_ojbb3v,13,229,229,16,0,-0.050986,nonzero
survivinginfidelity_k03a76,73,1121,1121,31,1,-0.022288,nonzero
survivinginfidelity_rnroue,27,355,355,6,0,-0.049356,nonzero
survivinginfidelity_khxfq8,109,1122,1122,26,3,0.001687,nonzero
survivinginfidelity_m1y9mo,23,373,373,9,0,-0.004234,nonzero
survivinginfidelity_dkr711,21,549,549,15,0,0.018386,nonzero
survivinginfidelity_nl34ve,8,89,89,4,0,-0.174141,nonzero
survivinginfidelity_kr26c2,81,1193,1193,23,0,-0.067280,nonzero
survivinginfidelity_s0ctjb,11,205,205,0,0,0.000000,nomatch
survivinginfidelity_m0vx2v,55,622,622,21,1,-0.030282,nonzero
survivinginfidelity_l8xly1,30,641,641,28,0,-0.047080,nonzero
survivinginfidelity_1ktnbwl,8,151,151,6,0,0.126557,nonzero
survivinginfidelity_j8v0jk,10,145,145,6,0,0.048788,nonzero
survivinginfidelity_n79aj4,20,277,277,9,0,-0.131506,nonzero
survivinginfidelity_12x95dg,155,1851,1851,77,2,-0.103736,nonzero
survivinginfidelity_o15jua,40,429,429,6,0,-0.008115,nonzero
survivinginfidelity_lcqxmi,72,878,878,17,0,-0.026326,nonzero
survivinginfidelity_kigfu1,56,1022,1022,16,1,-0.023166,nonzero
survivinginfidelity_tu4hai,37,653,653,21,1,0.067456,nonzero
survivinginfidelity_q17ved,40,513,513,15,0,0.030303,nonzero
survivinginfidelity_i4f6eh,21,295,295,10,0,-0.024312,nonzero
survivinginfidelity_1awont3,34,489,489,5,0,-0.004168,nonzero
survivinginfidelity_kyqak9,81,1253,1253,35,3,-0.048083,nonzero
survivinginfidelity_kdwbx5,26,947,947,19,0,-0.164969,nonzero
survivinginfidelity_kcawot,89,1188,1188,40,1,-0.113728,nonzero
survivinginfidelity_w9x7ec,9,138,138,7,0,-0.077121,nonzero
survivinginfidelity_iz4eta,30,344,344,10,1,0.020616,nonzero
survivinginfidelity_14v5n3v,27,375,375,10,0,-0.039322,nonzero
survivinginfidelity_jmu32m,20,576,576,13,0,-0.075993,nonzero
survivinginfidelity_jz31b2,6,140,140,4,0,0.177178,nonzero
survivinginfidelity_lzm2t4,18,232,232,5,0,-0.035416,nonzero
survivinginfidelity_lhrw2z,37,616,616,18,1,-0.124670,nonzero
survivinginfidelity_il5cbz,46,506,506,15,0,0.008698,nonzero
survivinginfidelity_kd1uwg,58,1146,1146,21,0,-0.054852,nonzero
survivinginfidelity_vzm53w,7,159,159,1,0,-0.082707,nonzero
survivinginfidelity_n0w3u9,51,714,714,18,0,-0.013795,nonzero
survivinginfidelity_ghujt8,14,257,257,5,0,-0.087352,nonzero
survivinginfidelity_nckoq9,28,459,459,13,0,-0.067200,nonzero
survivinginfidelity_mjyndb,26,400,400,18,1,-0.029451,nonzero
survivinginfidelity_1gxyiw4,39,304,304,13,0,0.105042,nonzero
survivinginfidelity_qdi8ae,44,1725,1725,38,0,0.030588,nonzero
survivinginfidelity_k87euq,21,277,277,7,0,-0.017164,nonzero
survivinginfidelity_jco8xv,37,858,858,13,2,-0.033888,nonzero
survivinginfidelity_13yq7ew,10,256,256,3,0,0.016567,nonzero
survivinginfidelity_p06bn6,15,267,267,4,0,-0.017393,nonzero
survivinginfidelity_h9f1nb,88,1221,1221,20,1,-0.054998,nonzero
survivinginfidelity_hoaca3,132,2047,2047,46,11,0.004835,nonzero
survivinginfidelity_ngpchr,17,264,264,12,0,-0.190075,nonzero
survivinginfidelity_ntkwlb,11,109,109,2,0,-0.092406,nonzero
survivinginfidelity_n2mqtq,22,269,269,14,0,-0.086016,nonzero
survivinginfidelity_r6qb4o,19,179,179,4,0,0.018528,nonzero
survivinginfidelity_qtetti,131,1845,1845,54,2,0.019898,nonzero
survivinginfidelity_g8ufgx,39,688,688,19,0,0.004050,nonzero
survivinginfidelity_1ao0gya,59,775,775,15,0,-0.066514,nonzero
survivinginfidelity_e15h23,60,746,746,13,0,0.003405,nonzero
survivinginfidelity_o3zu5j,74,923,923,25,2,-0.038349,nonzero
survivinginfidelity_sgfvfe,6,96,96,1,0,-0.096491,nonzero
survivinginfidelity_j9grgt,19,264,264,4,0,-0.037307,nonzero
survivinginfidelity_ql18wp,7,109,109,4,0,-0.207819,nonzero
survivinginfidelity_u2r0lc,28,482,482,12,1,-0.059769,nonzero
survivinginfidelity_kl1w4t,25,257,257,10,0,0.048648,nonzero
survivinginfidelity_la2e5s,18,278,278,10,0,-0.021900,nonzero
survivinginfidelity_qyon8y,35,738,738,38,0,0.023425,nonzero
survivinginfidelity_meqlkq,46,781,781,18,0,-0.019750,nonzero
survivinginfidelity_jdb6tv,33,470,470,17,0,-0.078025,nonzero
survivinginfidelity_h94bsk,24,312,312,7,0,0.021815,nonzero
survivinginfidelity_neysf4,27,243,243,2,0,0.009484,nonzero
survivinginfidelity_1njlpgv,44,564,564,9,1,-0.028557,nonzero
survivinginfidelity_11v3i8u,25,428,428,12,0,0.012802,nonzero
survivinginfidelity_ocpr01,46,1074,1074,21,0,-0.051565,nonzero
survivinginfidelity_l9igi7,13,128,128,3,0,-0.123185,nonzero
survivinginfidelity_jflmo1,40,895,895,22,2,-0.138023,nonzero
survivinginfidelity_o3fpax,24,383,383,10,0,0.049625,nonzero
survivinginfidelity_hfoall,49,562,562,15,0,-0.051061,nonzero
survivinginfidelity_n9ccvq,6,122,122,10,0,-0.404276,nonzero
survivinginfidelity_mz33oi,32,430,430,9,0,-0.065267,nonzero
survivinginfidelity_lvvyos,35,541,541,17,0,-0.028170,nonzero
survivinginfidelity_gdmp6p,24,240,240,12,0,0.000657,nonzero
survivinginfidelity_o4fygo,23,288,288,9,0,-0.141863,nonzero
survivinginfidelity_foc2ah,20,280,280,12,0,-0.028788,nonzero
survivinginfidelity_cw5kma,16,274,274,11,0,-0.143426,nonzero
survivinginfidelity_mao0pn,18,307,307,17,0,-0.006916,nonzero
survivinginfidelity_ltd3vv,40,591,591,16,0,0.000724,nonzero
survivinginfidelity_l2p3dn,32,657,657,17,0,-0.103661,nonzero
survivinginfidelity_gtbnky,32,401,401,6,0,0.034860,nonzero
survivinginfidelity_lts26x,55,732,732,23,0,0.066035,nonzero
survivinginfidelity_laoaoq,11,241,241,7,0,-0.035531,nonzero
survivinginfidelity_l27iil,18,352,352,8,0,-0.129917,nonzero
survivinginfidelity_hq2w56,12,157,157,6,0,-0.083252,nonzero
survivinginfidelity_qovn40,11,221,221,7,0,-0.102461,nonzero
survivinginfidelity_jdzqxr,27,483,483,8,0,-0.118798,nonzero
survivinginfidelity_nv5hm1,33,1101,1101,20,0,-0.008632,nonzero
survivinginfidelity_kjguth,9,191,191,7,1,-0.187801,nonzero
survivinginfidelity_o29wqn,21,216,216,10,0,0.037399,nonzero
survivinginfidelity_jo0boo,5,78,78,2,0,-0.063457,nonzero
survivinginfidelity_oeu187,51,1104,1104,20,0,-0.013990,nonzero
heartbreak_15vu32v,72,871,871,23,1,-0.034987,nonzero
heartbreak_1q7y1ti,38,643,643,17,0,-0.007177,nonzero
heartbreak_18x14wq,37,729,729,25,0,0.007049,nonzero
heartbreak_ycea1f,8,124,124,9,0,-0.174595,nonzero
heartbreak_18338li,9,121,121,4,0,-0.028204,nonzero
heartbreak_1ohz8bx,3,113,113,10,0,-0.279243,nonzero
heartbreak_16rb89o,8,66,66,1,0,0.076547,nonzero
heartbreak_7vv1p1,36,768,768,44,0,-0.013887,nonzero
heartbreak_1aq0gs9,10,122,122,4,0,-0.110394,nonzero
heartbreak_1azeiub,14,250,250,14,0,0.128113,nonzero
heartbreak_15xheov,9,91,91,2,0,0.014751,nonzero
heartbreak_1gqtxf2,16,259,259,7,0,0.023347,nonzero
heartbreak_1b919er,12,210,210,9,0,0.082024,nonzero
heartbreak_j82w2g,26,226,226,3,1,-0.045066,nonzero
heartbreak_82whcw,56,829,829,23,0,0.036805,nonzero
heartbreak_1jjibp5,32,351,351,17,0,-0.106884,nonzero
confession_1k11fik,21,180,180,3,0,-0.021849,nonzero
confession_1jvjfhr,26,464,464,7,0,-0.002985,nonzero
confession_1i3oqiz,11,1145,1145,29,0,0.026801,nonzero
confession_1k1m2xn,19,275,275,9,0,-0.074324,nonzero
confession_1q0dc13,26,319,319,11,0,0.040517,nonzero
confession_1kf4j2c,11,217,217,0,0,0.000000,nomatch
confession_1hh9fpe,29,271,271,6,1,0.000854,nonzero
confession_1junfv7,26,337,337,5,0,-0.014277,nonzero
confession_1pphuxy,13,255,255,3,0,0.079357,nonzero
confession_dm9kd6,6,98,98,0,0,0.000000,nomatch
confession_1iqq62r,3,190,190,6,0,-0.025743,nonzero
confession_1jq6uxd,25,303,303,9,0,-0.033298,nonzero
confession_1k49tsl,13,206,206,8,0,-0.242904,nonzero
confession_a1jccq,80,984,984,29,0,-0.036840,nonzero
confession_bemwhc,5,95,95,0,0,0.000000,nomatch
confession_1n5zrdq,58,1132,1132,13,0,0.008635,nonzero
confession_1jn16up,15,215,215,3,0,0.068776,nonzero
confession_1n2b511,11,162,162,0,0,0.000000,nomatch
confession_1mapoli,16,202,202,2,0,0.004528,nonzero
confession_dju74z,13,226,226,1,0,0.015561,nonzero
confession_1npn01z,8,111,111,2,0,0.000000,cancel
confession_acx80h,10,160,160,0,0,0.000000,nomatch
confession_1iu1f7c,17,247,247,4,0,-0.000834,nonzero
confession_1je7z7j,15,212,212,1,0,-0.024077,nonzero
confession_1k7rc7c,9,183,183,2,0,-0.050872,nonzero
confession_1hj8j1y,5,101,101,0,0,0.000000,nomatch
confession_1kr24hh,19,226,226,2,0,-0.056354,nonzero
confession_8j8dho,40,441,441,3,0,0.009603,nonzero
confession_1hcmsxr,16,263,263,6,0,-0.017975,nonzero
confession_1i6svk6,3,97,97,0,0,0.000000,nomatch
confession_1k5pge9,9,131,131,3,0,0.006443,nonzero
confession_1men2g8,15,336,336,2,0,-0.001721,nonzero
confession_9hpsab,42,550,550,4,0,-0.028541,nonzero
confession_1of4l5m,26,274,274,8,0,0.029980,nonzero
confession_7l2a34,18,305,305,5,1,0.087185,nonzero
confession_1nzdvpk,27,344,344,5,2,-0.031425,nonzero
confession_1ielqrc,7,168,168,1,0,0.018291,nonzero
confession_ay54gt,5,88,88,0,0,0.000000,nomatch
confession_1lcopig,16,299,299,5,0,0.096597,nonzero
confession_1jum9yq,14,357,357,3,0,-0.053733,nonzero
confession_9ue6vz,17,204,204,6,0,-0.090109,nonzero
confession_1pmlrma,29,289,289,4,0,0.042551,nonzero
confession_1jav8x6,9,214,214,3,0,0.120386,nonzero
confession_1jzg3w9,33,323,323,5,0,-0.042273,nonzero
confession_1i3x7m5,8,88,88,1,1,0.029140,nonzero
confession_1jwfbem,19,336,336,2,0,0.026316,nonzero
confession_1jg2c0v,5,85,85,0,0,0.000000,nomatch
confession_9tvxvm,42,574,574,10,0,-0.092489,nonzero
confession_88e7gh,8,79,79,1,0,0.045145,nonzero
confession_1infm0b,38,475,475,11,0,-0.031009,nonzero
confession_1k6m3ae,33,455,455,9,0,-0.047024,nonzero
confession_bhzkcr,7,89,89,0,0,0.000000,nomatch
confession_1gw7j09,41,513,513,8,0,-0.057617,nonzero
confession_1jtxee7,10,136,136,4,0,0.004399,nonzero
confession_1jlwp29,14,150,150,3,0,0.103272,nonzero
confession_bszk2i,18,222,222,3,0,0.034291,nonzero
confession_1pm0yk0,2,225,225,1,0,-0.180579,nonzero
confession_a9ap5r,4,74,74,1,0,0.062500,nonzero
confession_1lmj2sc,14,256,256,2,0,0.043741,nonzero
confession_9ps7y9,72,936,936,7,0,-0.005378,nonzero
confession_1s0hp90,29,329,329,5,0,0.032965,nonzero
confession_9cptbm,22,406,406,7,0,-0.056829,nonzero
confession_1n0z7lb,14,186,186,1,0,-0.040231,nonzero
confession_1s8gbbx,10,201,201,1,0,-0.012804,nonzero
confession_1jhxtsl,8,224,224,6,0,-0.142249,nonzero
confession_7aov19,5,61,61,2,0,0.000000,cancel
confession_1hq0eij,15,226,226,2,0,-0.082284,nonzero
confession_1suohmi,6,260,260,8,0,-0.176075,nonzero
confession_egbldz,7,219,219,2,0,-0.026186,nonzero
confession_1lsnnkq,3,92,92,1,0,0.042679,nonzero
confession_1q3623m,14,211,211,2,0,0.002669,nonzero
confession_1lqztwe,7,363,363,6,0,-0.067618,nonzero
confession_84otb3,12,261,261,5,0,-0.155150,nonzero
confession_1iohlya,5,96,96,0,0,0.000000,nomatch
confession_1hoawin,21,344,344,5,0,0.040277,nonzero
confession_1stdimu,2,132,132,0,0,0.000000,nomatch
confession_1jrngn3,7,168,168,1,0,-0.065547,nonzero
confession_950fmp,27,813,813,5,0,-0.022635,nonzero
confession_1s0xcjb,15,219,219,3,0,-0.032986,nonzero
confession_1nhl84h,32,628,628,8,0,-0.027801,nonzero
confession_b234l7,26,414,414,14,0,0.035840,nonzero
confession_1iicoei,4,86,86,2,0,-0.005228,nonzero
confession_1p3yfzl,33,494,494,3,0,0.032833,nonzero
confession_muh0j4,17,264,264,3,0,-0.044250,nonzero
confession_1gucna0,27,473,473,6,0,-0.035958,nonzero
confession_bd542l,17,299,299,3,0,-0.066834,nonzero
confession_cdqt4f,22,249,249,8,0,0.117350,nonzero
confession_1on56ge,15,177,177,2,0,0.007411,nonzero
confession_1na9n6h,14,99,99,4,0,-0.033663,nonzero
confession_1h0hn69,150,2518,2518,35,6,-0.038127,nonzero
confession_1jp0opd,18,242,242,3,0,-0.039716,nonzero
confession_1mtic4s,15,269,269,1,0,-0.006000,nonzero
confession_1mmditm,11,223,223,2,0,-0.044472,nonzero
confession_he3cbt,29,312,312,10,0,-0.134073,nonzero
confession_gc2tgy,27,415,415,10,0,-0.058049,nonzero
confession_1nu7vmy,14,215,215,0,0,0.000000,nomatch
confession_b13m28,4,106,106,1,0,0.135581,nonzero
confession_1j0n5ia,34,655,655,10,0,0.047661,nonzero
confession_8z9k8d,5,89,89,0,0,0.000000,nomatch
confession_1jr3252,27,248,248,3,0,0.022944,nonzero
confession_bn2d3h,10,83,83,0,0,0.000000,nomatch
confession_bif9ov,20,332,332,1,0,0.027116,nonzero
confession_aioucl,6,89,89,0,0,0.000000,nomatch
confession_d87cfu,27,455,455,8,1,-0.042067,nonzero
confession_1q1ppr8,15,219,219,8,0,-0.137463,nonzero
confession_bgi6ly,24,424,424,6,0,-0.051509,nonzero
confession_9ivxs6,12,149,149,3,0,-0.034260,nonzero
confession_db35ff,29,515,515,5,0,0.020553,nonzero
confession_1l8uttz,21,343,343,17,0,-0.217990,nonzero
confession_9arjfb,55,929,929,18,1,-0.031640,nonzero
confession_9imvsm,12,223,223,0,0,0.000000,nomatch
confession_1f1amhl,22,351,351,4,0,0.022396,nonzero
confession_94t8gr,6,102,102,3,0,-0.102062,nonzero
confession_8vn06z,5,72,72,2,0,-0.072232,nonzero
confession_1k4n966,18,244,244,5,0,0.073186,nonzero
confession_9398na,7,220,220,2,0,0.005338,nonzero
confession_1m617hq,8,150,150,1,0,-0.045145,nonzero
confession_1qgvcch,5,105,105,0,0,0.000000,nomatch
confession_b094pd,60,909,909,6,0,0.030330,nonzero
confession_1hlsfm2,23,308,308,4,0,-0.006907,nonzero
confession_9je0km,17,358,358,5,0,-0.121729,nonzero
confession_9xfbhb,16,327,327,4,0,0.064591,nonzero
confession_1qaf8ey,5,83,83,1,0,-0.028621,nonzero
confession_1ifzjxw,11,134,134,3,0,-0.006682,nonzero
confession_1qqq3do,29,454,454,12,0,-0.064977,nonzero
confession_1jyx6gr,15,321,321,3,0,-0.038334,nonzero
confession_bcctu4,11,186,186,6,0,0.063153,nonzero
emotionalsupport_ii8vm5,2,65,65,5,0,-0.101144,nonzero
emotionalsupport_124inpz,50,899,899,22,3,-0.110566,nonzero
emotionalsupport_1poffa5,10,212,212,3,0,-0.076532,nonzero
emotionalsupport_11837kc,71,1419,1419,20,0,0.019499,nonzero
emotionalsupport_nfiu8e,7,55,55,4,0,0.251367,nonzero
emotionalsupport_sq0zty,8,112,112,6,0,-0.284911,nonzero
emotionalsupport_hny2wv,18,239,239,9,3,-0.083427,nonzero
emotionalsupport_hscugv,2,110,110,3,0,0.382485,nonzero
emotionalsupport_1orixky,22,158,158,1,0,-0.020856,nonzero
emotionalsupport_10yplu6,29,705,705,8,0,0.044301,nonzero
emotionalsupport_mdnse8,4,51,51,1,0,0.084987,nonzero
emotionalsupport_sox582,9,112,112,6,1,-0.282499,nonzero
emotionalsupport_ojg9km,14,171,171,1,0,-0.017857,nonzero
emotionalsupport_ab44vc,6,84,84,0,0,0.000000,nomatch
emotionalsupport_oyznx3,3,98,98,6,1,-0.226456,nonzero
emotionalsupport_max57v,14,173,173,3,0,-0.025797,nonzero
emotionalsupport_1bpvsq5,16,265,265,4,0,-0.041945,nonzero
emotionalsupport_kvbch2,8,82,82,2,0,0.094447,nonzero
emotionalsupport_1bfkr7r,4,48,48,1,0,-0.090289,nonzero
emotionalsupport_jonw4e,16,210,210,7,0,0.045523,nonzero
emotionalsupport_ii17ip,2,64,64,2,0,0.156900,nonzero
emotionalsupport_1mz5exb,4,146,146,4,0,-0.208113,nonzero
emotionalsupport_ni4aff,5,61,61,3,0,-0.252878,nonzero
emotionalsupport_lqvkmg,8,102,102,10,0,-0.299744,nonzero
emotionalsupport_l2b6zc,20,202,202,4,0,-0.047846,nonzero
emotionalsupport_kyxgqf,12,90,90,3,0,-0.044073,nonzero
emotionalsupport_jw033e,12,152,152,7,0,-0.143223,nonzero
emotionalsupport_enev5e,10,168,168,2,0,0.045229,nonzero
emotionalsupport_re1nd5,8,128,128,3,0,-0.017600,nonzero
emotionalsupport_o5a3we,8,211,211,4,0,0.000960,nonzero
emotionalsupport_n4uo2i,7,112,112,6,0,-0.239656,nonzero
emotionalsupport_l74s8g,33,703,703,14,0,0.035493,nonzero
emotionalsupport_djujq0,6,103,103,8,0,0.067623,nonzero
emotionalsupport_1rigc71,7,65,65,2,1,-0.008615,nonzero
emotionalsupport_1ptsqtx,10,242,242,7,1,-0.174603,nonzero
emotionalsupport_136565n,2,63,63,2,0,-0.391023,nonzero
emotionalsupport_oiloi8,2,66,66,2,0,-0.244597,nonzero
emotionalsupport_oht5kt,23,420,420,13,0,-0.052422,nonzero
emotionalsupport_lveban,17,249,249,5,1,-0.015631,nonzero
emotionalsupport_ljdtn7,7,91,91,4,1,-0.202693,nonzero
emotionalsupport_kgsk8v,7,116,116,1,0,-0.060209,nonzero
emotionalsupport_jhjl4d,7,173,173,5,0,-0.295382,nonzero
emotionalsupport_it28d4,15,93,93,5,0,0.149171,nonzero
emotionalsupport_gnhxxf,12,282,282,5,0,-0.136213,nonzero
emotionalsupport_eauovr,4,57,57,0,0,0.000000,nomatch
emotionalsupport_1mtsa10,14,248,248,11,0,-0.065161,nonzero
emotionalsupport_1g8ilf2,7,72,72,4,0,0.000000,cancel
emotionalsupport_11al7xy,8,130,130,3,0,0.076280,nonzero
emotionalsupport_smzuo2,5,85,85,3,1,-0.103011,nonzero
emotionalsupport_rrxtww,5,405,405,10,1,-0.313229,nonzero
emotionalsupport_og3apg,42,903,903,19,3,-0.072379,nonzero
emotionalsupport_nsrzw2,10,134,134,4,0,-0.034487,nonzero
emotionalsupport_n1q6i5,24,236,236,15,0,-0.051028,nonzero
emotionalsupport_mp4bzf,48,802,802,30,0,-0.093158,nonzero
emotionalsupport_lad3o5,6,79,79,3,0,-0.343142,nonzero
emotionalsupport_kfmukw,6,54,54,3,0,-0.171786,nonzero
emotionalsupport_k9ot9k,87,1202,1202,26,1,-0.038312,nonzero
emotionalsupport_k6xlvf,27,455,455,9,3,-0.061602,nonzero
emotionalsupport_k59g71,6,98,98,1,0,0.021340,nonzero
emotionalsupport_k1w1d8,7,56,56,4,0,-0.071129,nonzero
emotionalsupport_jdroaa,11,183,183,5,0,-0.141673,nonzero
emotionalsupport_ixyyy6,3,55,55,2,0,0.174442,nonzero
emotionalsupport_ix2tmq,6,86,86,5,1,-0.082970,nonzero
emotionalsupport_e9qhp0,23,305,305,3,0,-0.000284,nonzero
emotionalsupport_1rwgao7,24,465,465,7,0,-0.029256,nonzero
emotionalsupport_1q900r0,10,131,131,6,0,-0.273045,nonzero
emotionalsupport_1nt9a30,7,85,85,5,0,-0.201893,nonzero
emotionalsupport_1jwd2d6,8,102,102,2,0,0.004671,nonzero
emotionalsupport_13cepyh,33,752,752,28,0,0.050462,nonzero
emotionalsupport_q5466r,6,64,64,5,0,-0.264317,nonzero
emotionalsupport_o20aa7,26,404,404,13,0,-0.031674,nonzero
emotionalsupport_liuleg,29,541,541,14,0,-0.019534,nonzero
emotionalsupport_lierr1,15,216,216,11,0,0.104432,nonzero
emotionalsupport_lhtece,12,257,257,11,0,-0.037922,nonzero
emotionalsupport_l9jydv,4,96,96,4,0,-0.307027,nonzero
emotionalsupport_l2c8yq,10,134,134,7,0,-0.073610,nonzero
emotionalsupport_l199wv,2,62,62,3,1,-0.485727,nonzero
emotionalsupport_kw6765,13,250,250,10,0,-0.082512,nonzero
emotionalsupport_kueodd,19,296,296,16,2,-0.153923,nonzero
emotionalsupport_km42sd,3,161,161,9,3,-0.657744,nonzero
emotionalsupport_kjln9p,4,68,68,3,0,-0.314943,nonzero
emotionalsupport_kcrehu,7,84,84,4,0,-0.161383,nonzero
emotionalsupport_k8mrms,2,136,136,7,1,-0.471229,nonzero
emotionalsupport_k7yhxq,22,253,253,8,0,0.062345,nonzero
emotionalsupport_k5o3r4,2,66,66,0,0,0.000000,nomatch
emotionalsupport_juu779,8,558,558,8,0,-0.122568,nonzero
emotionalsupport_jtcvd7,7,106,106,4,0,-0.235945,nonzero
emotionalsupport_jjcd1o,18,493,493,9,0,0.015576,nonzero
emotionalsupport_jhyq6y,6,106,106,5,0,-0.005806,nonzero
emotionalsupport_g9k0aa,16,365,365,8,0,0.095343,nonzero
emotionalsupport_1ba6wjh,5,54,54,3,0,0.102805,nonzero
emotionalsupport_1agt3op,21,362,362,9,2,-0.039858,nonzero
emotionalsupport_187pb0d,22,260,260,7,0,-0.050698,nonzero
emotionalsupport_smju1j,6,63,63,8,0,-0.240464,nonzero
emotionalsupport_rnt6bs,25,338,338,8,0,-0.045513,nonzero
emotionalsupport_pf26sx,13,227,227,9,1,-0.061125,nonzero
emotionalsupport_p7lde9,11,130,130,2,0,-0.055560,nonzero
emotionalsupport_p28lv7,6,94,94,4,0,-0.054007,nonzero
emotionalsupport_nw9r99,69,1116,1116,16,0,0.019909,nonzero
emotionalsupport_nme8jp,14,195,195,4,0,0.034020,nonzero
emotionalsupport_mt3vk0,32,423,423,16,0,-0.006254,nonzero
emotionalsupport_ls20z2,18,348,348,5,0,-0.083155,nonzero
emotionalsupport_l65vsv,9,182,182,11,0,0.274744,nonzero
emotionalsupport_l405wt,44,580,580,18,0,0.033200,nonzero
emotionalsupport_kzrgoe,3,168,168,4,1,-0.597242,nonzero
emotionalsupport_kxwa1n,69,1272,1272,27,0,-0.022321,nonzero
emotionalsupport_kxdr6j,12,204,204,6,0,-0.083017,nonzero
emotionalsupport_kvysgy,9,108,108,2,0,0.062605,nonzero
emotionalsupport_ko7s74,36,475,475,20,1,-0.117219,nonzero
emotionalsupport_jxtvmt,11,130,130,7,0,-0.037981,nonzero
emotionalsupport_jnrwi2,2,85,85,4,0,-0.437500,nonzero
emotionalsupport_jmksac,13,229,229,9,0,-0.080780,nonzero
emotionalsupport_jc35k1,18,248,248,10,0,0.150648,nonzero
emotionalsupport_ja9fht,25,701,701,10,0,-0.028230,nonzero
emotionalsupport_ivsvho,22,348,348,13,0,0.004182,nonzero
emotionalsupport_huy82n,110,1509,1509,42,0,0.037142,nonzero
emotionalsupport_hccnh4,9,193,193,7,0,-0.103377,nonzero
emotionalsupport_e40u1g,5,99,99,3,0,-0.164678,nonzero
emotionalsupport_1s7w21r,14,203,203,8,0,-0.162678,nonzero
emotionalsupport_1qet94q,9,216,216,6,1,-0.098158,nonzero
emotionalsupport_1oa4ntj,2,161,161,3,0,0.516918,nonzero
emotionalsupport_1nc8jdb,6,124,124,0,0,0.000000,nomatch
emotionalsupport_1j0tbbv,11,86,86,4,0,-0.132974,nonzero
emotionalsupport_1inge31,94,1120,1120,40,1,-0.016893,nonzero
emotionalsupport_1iio043,9,52,52,1,0,-0.040129,nonzero
emotionalsupport_1dhocg8,6,140,140,9,0,0.335862,nonzero
emotionalsupport_14k3azn,11,270,270,5,0,-0.080325,nonzero
emotionalsupport_12m9df3,21,395,395,15,0,-0.017100,nonzero
14ece6v,19,438,438,8,0,-0.016672,nonzero
14ge64t,34,651,651,16,1,0.009364,nonzero
15pjpj3,50,779,779,12,0,-0.037938,nonzero
1dw3fk0,38,745,745,15,0,-0.044416,nonzero
1eenoqy,63,890,890,10,5,-0.016354,nonzero
1g88vhh,32,599,599,5,0,-0.062114,nonzero
1gt6lli,17,352,352,4,0,-0.135640,nonzero
1obsrui,62,959,959,11,0,-0.005508,nonzero
9sl5wd,36,529,529,7,0,-0.032232,nonzero
9u4emi,20,356,356,4,0,-0.039975,nonzero
9ysvo6,40,636,636,16,0,-0.078513,nonzero
a0br04,43,758,758,9,0,-0.031415,nonzero
a1x7uk,39,685,685,21,0,0.036871,nonzero
a7idgp,29,491,491,5,0,0.006829,nonzero
a9pkm2,30,583,583,10,0,-0.011849,nonzero
abtm2z,44,528,528,13,0,-0.050500,nonzero
adkg4u,11,261,261,4,0,-0.109462,nonzero
aijhzx,77,1801,1801,30,1,0.025839,nonzero
ajmn30,24,393,393,1,0,-0.008429,nonzero
alro8i,24,384,384,9,1,-0.104567,nonzero
ap2441,10,117,117,4,0,-0.139406,nonzero
apr24a,19,346,346,7,0,-0.064544,nonzero
asdwxx,43,454,454,15,1,-0.003055,nonzero
av79bp,9,195,195,1,0,-0.046829,nonzero
awkz8n,19,411,411,6,0,0.058037,nonzero
b2dt6r,42,1062,1062,27,0,0.082197,nonzero
b5a8w4,32,568,568,15,0,0.155752,nonzero
b5mysn,37,613,613,24,1,-0.125924,nonzero
b800pl,100,1247,1247,12,0,-0.023058,nonzero
b9vxn3,17,355,355,0,0,0.000000,nomatch
bal41x,16,388,388,5,0,0.015731,nonzero
bbm8hz,13,260,260,5,1,0.166051,nonzero
bc9lvj,21,287,287,1,1,0.021849,nonzero
bch7qp,18,292,292,9,0,-0.038396,nonzero
bd9kir,9,105,105,5,1,-0.163155,nonzero
bfzwek,13,224,224,9,0,0.035113,nonzero
bgl4mn,46,363,363,5,0,-0.014039,nonzero
bgzhox,13,142,142,2,1,-0.125295,nonzero
bkyrmb,18,160,160,11,0,0.172345,nonzero
bl31eh,29,362,362,3,0,-0.036630,nonzero
bmgf4t,10,132,132,3,0,0.018209,nonzero
bn1zq2,41,821,821,4,1,-0.024022,nonzero
bnrv9w,22,433,433,6,0,-0.017634,nonzero
boai5u,55,773,773,13,0,-0.058425,nonzero
bosguk,20,229,229,3,0,-0.007126,nonzero
boy83i,11,284,284,1,0,-0.041712,nonzero
btdnq2,32,369,369,3,0,-0.008253,nonzero
bwmfm2,18,246,246,5,0,-0.063978,nonzero
bz7l6z,45,558,558,8,0,-0.005357,nonzero
c82g4x,33,539,539,8,0,-0.047380,nonzero
calfeu,13,150,150,2,0,-0.002638,nonzero
cbtqgv,13,239,239,7,0,0.203385,nonzero
cdf4xr,14,244,244,4,0,-0.010021,nonzero
cdufmj,55,950,950,15,1,-0.021103,nonzero
cejrfl,34,313,313,4,0,0.021182,nonzero
cg0d5l,8,142,142,4,0,0.084611,nonzero
cgcwwy,26,457,457,11,0,0.087419,nonzero
ci1p3j,13,229,229,2,0,-0.001609,nonzero
citoye,41,856,856,18,0,-0.103092,nonzero
cn10cf,5,99,99,1,0,-0.050000,nonzero
cnaoo0,7,177,177,1,0,-0.082707,nonzero
co8q04,153,2765,2765,53,5,-0.035271,nonzero
coi6jl,23,598,598,12,0,0.120194,nonzero
crn3ab,21,196,196,7,0,0.043696,nonzero
cs3yjm,18,214,214,6,0,0.110733,nonzero
cten9x,33,565,565,15,0,-0.008205,nonzero
ctspb2,13,286,286,5,0,0.054642,nonzero
cv4gf8,38,539,539,10,0,0.018227,nonzero
cv8umo,7,100,100,1,0,0.035714,nonzero
cvnhto,42,572,572,16,1,-0.068770,nonzero
d5ohzg,17,144,144,4,0,0.093423,nonzero
d6qhud,14,308,308,12,0,-0.159515,nonzero
dab7hx,16,185,185,10,0,-0.177496,nonzero
db5uub,9,140,140,7,1,0.014377,nonzero
dcskoo,22,276,276,8,0,-0.096198,nonzero
dcz74v,58,865,865,14,2,-0.069290,nonzero
dk8wih,29,430,430,6,3,0.028768,nonzero
dkpxfk,48,652,652,18,0,0.007515,nonzero
dl02bm,14,555,555,8,0,-0.105685,nonzero
dlnu8d,16,203,203,2,1,-0.011265,nonzero
dlx8az,20,444,444,4,0,0.048919,nonzero
dmj00k,40,412,412,16,1,0.055617,nonzero
dnppxb,44,816,816,13,1,-0.035365,nonzero
dvyqby,34,663,663,12,0,0.020750,nonzero
dx90b8,10,874,874,18,0,0.082843,nonzero
dyzusp,49,631,631,10,1,-0.007155,nonzero
dzj2cb,19,342,342,8,1,0.140207,nonzero
e12ftl,10,106,106,0,0,0.000000,nomatch
e33cna,31,1764,1764,40,0,-0.006343,nonzero
e35vj6,75,1431,1431,32,2,-0.017308,nonzero
e3gf4c,74,1270,1270,36,0,0.151174,nonzero
ehlwqh,13,273,273,7,0,-0.003353,nonzero
ej3aq7,14,283,283,9,3,-0.087625,nonzero
ejgbu9,119,1604,1604,38,0,0.025171,nonzero
eli2do,71,1575,1575,29,0,-0.084161,nonzero
eop40o,39,636,636,12,1,-0.049591,nonzero
er6s67,24,542,542,6,0,0.064243,nonzero
erzvnf,31,464,464,3,0,0.010010,nonzero
esg96s,32,520,520,8,0,0.024310,nonzero
ev66yp,67,909,909,12,3,-0.002265,nonzero
evq7u7,48,746,746,14,0,-0.062978,nonzero
ewz3oa,82,873,873,22,6,-0.035274,nonzero
ey0g9k,107,1112,1112,29,6,-0.022841,nonzero
eyhfvm,17,260,260,2,0,0.030098,nonzero
f003hj,21,304,304,4,0,0.034396,nonzero
f1bneb,44,700,700,24,1,-0.043590,nonzero
f3kpyk,58,1082,1082,21,4,-0.085083,nonzero
f9eykf,11,139,139,3,0,-0.058502,nonzero
fef04y,37,427,427,3,2,0.011391,nonzero
fftnp5,26,511,511,9,1,0.063182,nonzero
fk3jts,26,403,403,14,1,0.063022,nonzero
flnkos,28,375,375,5,0,-0.018307,nonzero
flpnme,44,922,922,24,2,-0.078060,nonzero
fp0vad,12,450,450,17,0,0.273144,nonzero
fqrzt9,20,319,319,4,0,-0.035354,nonzero
g0flm4,10,169,169,4,1,-0.236964,nonzero
g2fikt,28,609,609,7,0,-0.043698,nonzero
g2ybe5,37,536,536,9,1,0.011753,nonzero
g6ll28,22,384,384,15,0,0.082079,nonzero
gaf7wj,74,1028,1028,9,0,-0.006466,nonzero
gbx8pu,32,477,477,13,3,-0.096984,nonzero
gipjxn,44,1023,1023,16,1,-0.096923,nonzero
gk0u0e,5,120,120,4,0,-0.039254,nonzero
gmoulm,34,763,763,19,2,-0.119196,nonzero
gmue7l,18,275,275,10,0,-0.007308,nonzero
gnq99t,11,154,154,1,0,-0.055670,nonzero
gt5730,64,900,900,15,2,-0.051697,nonzero
gu9ny7,25,426,426,3,1,-0.060474,nonzero
guqonf,77,1539,1539,48,0,0.014894,nonzero
guyvwe,75,1108,1108,36,0,0.045257,nonzero
gv88ba,15,360,360,12,0,0.092917,nonzero
gw6zq4,36,542,542,9,0,-0.060203,nonzero
gxudx8,29,567,567,8,0,0.025173,nonzero
h899cg,44,777,777,26,0,-0.012621,nonzero
hf3nlc,49,815,815,20,0,0.029419,nonzero
hi0hxt,25,453,453,2,3,-0.023916,nonzero
hjq4xz,38,593,593,4,0,-0.030097,nonzero
hmw6r6,20,320,320,9,0,-0.065157,nonzero
hnda6b,49,730,730,12,3,-0.031958,nonzero
hoi00p,25,384,384,6,2,0.068723,nonzero
hq34kx,30,797,797,22,2,0.092005,nonzero
hqhhan,11,460,460,4,1,0.066825,nonzero
hrx74p,37,579,579,14,0,-0.017127,nonzero
hx5kha,17,441,441,9,1,-0.104017,nonzero
hxck86,47,867,867,11,0,-0.051892,nonzero
hxyq72,23,466,466,7,1,0.074751,nonzero
hys47q,35,431,431,2,0,-0.008384,nonzero
hz8rlm,6,50,50,1,0,0.021340,nonzero
i0vxsh,57,952,952,17,1,-0.068377,nonzero
i2cukp,20,320,320,7,0,-0.134155,nonzero
i32pxe,45,711,711,20,0,-0.036715,nonzero
i44cjm,23,409,409,4,1,0.049750,nonzero
i54efy,7,117,117,2,0,-0.134301,nonzero
i6d429,12,116,116,6,0,-0.115408,nonzero
i7k7vj,24,279,279,5,0,-0.104841,nonzero
icia89,18,315,315,5,0,-0.162411,nonzero
ihz76n,18,322,322,0,0,0.000000,nomatch
ii4xbu,12,308,308,10,0,-0.209687,nonzero
iihm6b,22,463,463,4,0,0.034427,nonzero
ikky7g,14,372,372,9,0,0.067390,nonzero
illtan,36,780,780,11,0,-0.081193,nonzero
innyw1,100,1167,1167,19,1,-0.006809,nonzero
ipsvh7,5,81,81,4,0,-0.256245,nonzero
iu9jm2,12,343,343,10,1,-0.048245,nonzero
iuv798,23,346,346,8,1,0.009724,nonzero
ixv0rh,27,461,461,8,0,0.080696,nonzero
iz68dn,28,526,526,4,0,-0.067605,nonzero
j2jmsg,24,465,465,9,1,-0.052620,nonzero
j3lj2h,17,202,202,1,0,0.007532,nonzero
j455mn,18,200,200,3,0,0.016342,nonzero
m1xe5o,21,344,344,9,0,-0.080168,nonzero
