corpus,baseline,plef_only,baseline_only,chi2,significant_p001,direction
goemotions,vader,11740,16740,877.46,True,PLEF WORSE
goemotions,nrc,11580,10404,62.8,True,PLEF better
goemotions,empath,8260,7351,52.81,True,PLEF better
goemotions,afinn,9877,15695,1323.22,True,PLEF WORSE
goemotions,huliu,10381,13103,315.27,True,PLEF WORSE
goemotions,labmt,16397,15631,18.27,True,PLEF better
semeval2017,vader,12133,13889,118.36,True,PLEF WORSE
semeval2017,nrc,13221,10606,286.78,True,PLEF better
semeval2017,empath,8802,7692,74.57,True,PLEF better
semeval2017,afinn,8342,11327,452.71,True,PLEF WORSE
semeval2017,huliu,10089,11268,64.98,True,PLEF WORSE
semeval2017,labmt,20104,15418,617.91,True,PLEF better
meld,vader,2755,2075,95.45,True,PLEF better
meld,nrc,1872,1481,45.36,True,PLEF better
meld,empath,1082,883,19.95,True,PLEF better
meld,afinn,2084,2007,1.41,False,PLEF better
meld,huliu,1918,1682,15.34,True,PLEF better
meld,labmt,4741,2639,598.13,True,PLEF better
tweeteval,vader,13852,15494,91.76,True,PLEF WORSE
tweeteval,nrc,15153,12036,357.11,True,PLEF better
tweeteval,empath,9746,8719,57.01,True,PLEF better
tweeteval,afinn,10097,13091,386.32,True,PLEF WORSE
tweeteval,huliu,11767,12817,44.76,True,PLEF WORSE
tweeteval,labmt,22655,16425,992.85,True,PLEF better
dailydialog,vader,42576,10227,19816.93,True,PLEF better
dailydialog,nrc,31106,8489,12917.88,True,PLEF better
dailydialog,empath,21727,6309,8477.81,True,PLEF better
dailydialog,afinn,33559,10210,12454.68,True,PLEF better
dailydialog,huliu,29862,10111,9758.15,True,PLEF better
dailydialog,labmt,65639,10512,39905.92,True,PLEF better
