draw,within-document permutation,synthetic i.i.d. normal,synthetic random walk
1,0.512025,0.519529,0.814276
2,0.513001,0.529449,0.821187
3,0.529017,0.531161,0.821762
4,0.532027,0.532112,0.825203
5,0.532307,0.534796,0.825915
6,0.533491,0.538179,0.826062
7,0.535041,0.538244,0.827127
8,0.539227,0.538299,0.827286
9,0.541957,0.539546,0.827828
10,0.542506,0.541513,0.828137
11,0.543210,0.541616,0.829033
12,0.544448,0.542015,0.829052
13,0.547537,0.542389,0.829088
14,0.548436,0.542706,0.829177
15,0.548835,0.542804,0.829204
16,0.549416,0.543044,0.829379
17,0.549425,0.543211,0.829608
18,0.549726,0.544214,0.829751
19,0.549744,0.544219,0.829829
20,0.550145,0.544527,0.829992
21,0.551009,0.545189,0.830422
22,0.551525,0.545658,0.830850
23,0.551691,0.545986,0.830934
24,0.552399,0.546538,0.831221
25,0.552438,0.546922,0.831233
26,0.554203,0.548018,0.831308
27,0.556339,0.548266,0.831622
28,0.556731,0.548376,0.831693
29,0.557549,0.548926,0.831715
30,0.557698,0.549539,0.831951
31,0.557971,0.549957,0.831970
32,0.558039,0.550512,0.832282
33,0.558151,0.550684,0.832301
34,0.558942,0.550898,0.832458
35,0.559370,0.551041,0.832701
36,0.559543,0.551225,0.832707
37,0.559823,0.551746,0.832829
38,0.560153,0.551867,0.832862
39,0.561246,0.551935,0.832869
40,0.561412,0.552364,0.832884
41,0.561501,0.552507,0.833142
42,0.561756,0.552604,0.833227
43,0.561876,0.552652,0.833253
44,0.562110,0.552709,0.833324
45,0.562408,0.553678,0.833357
46,0.562794,0.553713,0.833419
47,0.562857,0.553798,0.833605
48,0.563044,0.554224,0.833616
49,0.563324,0.554247,0.833845
50,0.563405,0.554440,0.833864
51,0.563664,0.554544,0.833871
52,0.563737,0.554845,0.833977
53,0.563809,0.554868,0.834113
54,0.563989,0.554953,0.834126
55,0.564190,0.555195,0.834163
56,0.564579,0.555291,0.834212
57,0.564612,0.555527,0.834237
58,0.564650,0.555567,0.834316
59,0.564723,0.556183,0.834501
60,0.564773,0.556287,0.834749
61,0.564878,0.556361,0.834766
62,0.565145,0.556384,0.835007
63,0.565475,0.556522,0.835347
64,0.565509,0.556707,0.835363
65,0.565542,0.557085,0.835527
66,0.565871,0.557262,0.835604
67,0.566350,0.557279,0.835706
68,0.566943,0.557372,0.835746
69,0.567020,0.557594,0.835749
70,0.567081,0.557595,0.835771
71,0.567091,0.557954,0.835950
72,0.567188,0.558506,0.835962
73,0.567272,0.558538,0.835985
74,0.567541,0.558711,0.836007
75,0.567648,0.558769,0.836078
76,0.567980,0.558951,0.836124
77,0.568005,0.559171,0.836306
78,0.568242,0.559223,0.836333
79,0.568418,0.559306,0.836357
80,0.568467,0.559461,0.836619
81,0.568506,0.559642,0.836694
82,0.568679,0.559694,0.836747
83,0.568834,0.559949,0.836747
84,0.569433,0.560252,0.836950
85,0.569698,0.560253,0.837093
86,0.570100,0.560298,0.837299
87,0.570192,0.560444,0.837361
88,0.570390,0.560478,0.837496
89,0.570535,0.560981,0.837650
90,0.570824,0.561300,0.837728
91,0.571014,0.561321,0.837746
92,0.571050,0.561417,0.837856
93,0.572002,0.561718,0.837904
94,0.572119,0.561949,0.837916
95,0.572206,0.562051,0.837927
96,0.572590,0.562352,0.838063
97,0.572610,0.562459,0.838069
98,0.572842,0.562564,0.838083
99,0.572859,0.562595,0.838134
100,0.573293,0.562965,0.838209
101,0.573363,0.563103,0.838306
102,0.573415,0.563123,0.838307
103,0.573675,0.563126,0.838344
104,0.573708,0.563201,0.838344
105,0.574123,0.563256,0.838372
106,0.574431,0.563339,0.838381
107,0.574439,0.563448,0.838434
108,0.575039,0.563508,0.838490
109,0.575093,0.563579,0.838498
110,0.575169,0.564728,0.838523
111,0.575484,0.564739,0.838536
112,0.575604,0.564760,0.838543
113,0.575764,0.565142,0.838675
114,0.575771,0.565225,0.838692
115,0.575790,0.565272,0.838695
116,0.576080,0.565380,0.838715
117,0.576101,0.565818,0.838741
118,0.576286,0.565837,0.838778
119,0.576381,0.566086,0.838804
120,0.577136,0.566221,0.838932
121,0.577379,0.566236,0.838943
122,0.577398,0.566336,0.838995
123,0.577616,0.566487,0.839033
124,0.577647,0.566604,0.839078
125,0.577808,0.566668,0.839247
126,0.577914,0.566730,0.839248
127,0.578038,0.566735,0.839273
128,0.578098,0.566771,0.839330
129,0.578145,0.567087,0.839404
130,0.578201,0.567227,0.839406
131,0.578295,0.567480,0.839407
132,0.578507,0.567571,0.839425
133,0.578512,0.567660,0.839445
134,0.578635,0.567661,0.839463
135,0.578712,0.567671,0.839492
136,0.578719,0.567707,0.839530
137,0.578815,0.567752,0.839603
138,0.578906,0.567762,0.839608
139,0.578918,0.567778,0.839657
140,0.578962,0.568034,0.839673
141,0.578973,0.568052,0.839732
142,0.579068,0.568444,0.839743
143,0.579070,0.568567,0.839858
144,0.579088,0.568690,0.839870
145,0.579092,0.568720,0.839886
146,0.579494,0.568899,0.839933
147,0.579742,0.568916,0.839947
148,0.579754,0.568990,0.840000
149,0.580019,0.569186,0.840048
150,0.580032,0.569194,0.840062
151,0.580043,0.569261,0.840089
152,0.580140,0.569367,0.840122
153,0.580223,0.569407,0.840222
154,0.580315,0.569505,0.840264
155,0.580366,0.569524,0.840274
156,0.580653,0.569588,0.840301
157,0.580687,0.569720,0.840308
158,0.580732,0.569762,0.840342
159,0.580732,0.570236,0.840342
160,0.580845,0.570421,0.840355
161,0.580872,0.570466,0.840381
162,0.580885,0.570474,0.840414
163,0.580885,0.570484,0.840418
164,0.581211,0.570684,0.840462
165,0.581221,0.570762,0.840464
166,0.581375,0.570779,0.840507
167,0.581662,0.570783,0.840572
168,0.581668,0.570787,0.840577
169,0.581724,0.571364,0.840643
170,0.581758,0.571682,0.840645
171,0.581791,0.571967,0.840812
172,0.581912,0.572061,0.840846
173,0.582270,0.572094,0.840850
174,0.582388,0.572392,0.840856
175,0.582459,0.572697,0.840876
176,0.582543,0.572839,0.840910
177,0.582663,0.572893,0.840911
178,0.582793,0.572910,0.840916
179,0.582930,0.573006,0.840929
180,0.582979,0.573287,0.840950
181,0.583071,0.573306,0.840977
182,0.583202,0.573337,0.840986
183,0.583295,0.573368,0.841081
184,0.583551,0.573558,0.841144
185,0.583618,0.573765,0.841163
186,0.583625,0.573965,0.841172
187,0.583694,0.574032,0.841187
188,0.583802,0.574183,0.841216
189,0.584027,0.574243,0.841244
190,0.584096,0.574513,0.841269
191,0.584209,0.574773,0.841313
192,0.584255,0.574940,0.841321
193,0.584272,0.575276,0.841408
194,0.584351,0.575486,0.841475
195,0.584598,0.575595,0.841516
196,0.584642,0.575685,0.841565
197,0.584727,0.576155,0.841592
198,0.584758,0.576225,0.841635
199,0.584804,0.576265,0.841674
200,0.584808,0.576361,0.841686
201,0.584997,0.576550,0.841720
202,0.585145,0.576714,0.841750
203,0.585456,0.576725,0.841773
204,0.585648,0.576747,0.841842
205,0.585660,0.576758,0.841851
206,0.585713,0.576793,0.841866
207,0.585749,0.576939,0.841869
208,0.585793,0.577040,0.841881
209,0.585855,0.577040,0.841905
210,0.585864,0.577063,0.841918
211,0.585910,0.577136,0.841947
212,0.585991,0.577156,0.842069
213,0.586012,0.577179,0.842075
214,0.586020,0.577463,0.842107
215,0.586202,0.577644,0.842117
216,0.586408,0.577677,0.842227
217,0.586562,0.577767,0.842239
218,0.586661,0.577846,0.842250
219,0.586697,0.577852,0.842259
220,0.586928,0.577948,0.842282
221,0.587027,0.578006,0.842314
222,0.587187,0.578013,0.842380
223,0.587232,0.578108,0.842411
224,0.587277,0.578294,0.842436
225,0.587511,0.578374,0.842469
226,0.587560,0.578385,0.842510
227,0.587578,0.578552,0.842553
228,0.587607,0.578623,0.842582
229,0.587607,0.578630,0.842680
230,0.587625,0.578739,0.842696
231,0.587627,0.578756,0.842714
232,0.587631,0.578793,0.842749
233,0.587672,0.578975,0.842797
234,0.587716,0.579038,0.842800
235,0.587754,0.579123,0.842810
236,0.587852,0.579161,0.842845
237,0.587879,0.579172,0.842874
238,0.587879,0.579174,0.842886
239,0.587942,0.579247,0.842894
240,0.587992,0.579253,0.842899
241,0.588017,0.579477,0.842930
242,0.588237,0.579485,0.842940
243,0.588324,0.579528,0.842945
244,0.588354,0.579565,0.842995
245,0.588355,0.579569,0.843009
246,0.588437,0.579575,0.843090
247,0.588451,0.579731,0.843132
248,0.588530,0.579771,0.843138
249,0.588660,0.579804,0.843259
250,0.589213,0.579813,0.843309
251,0.589262,0.579839,0.843359
252,0.589439,0.580059,0.843388
253,0.589511,0.580066,0.843400
254,0.589554,0.580244,0.843401
255,0.589611,0.580501,0.843472
256,0.589620,0.580553,0.843477
257,0.589665,0.580604,0.843528
258,0.589757,0.580619,0.843554
259,0.589771,0.580733,0.843566
260,0.590000,0.580782,0.843569
261,0.590076,0.580993,0.843609
262,0.590138,0.581007,0.843610
263,0.590226,0.581126,0.843627
264,0.590247,0.581177,0.843665
265,0.590336,0.581193,0.843674
266,0.590464,0.581220,0.843695
267,0.590662,0.581232,0.843718
268,0.591280,0.581248,0.843823
269,0.591285,0.581260,0.843827
270,0.591315,0.581288,0.843831
271,0.591396,0.581480,0.843941
272,0.591509,0.581720,0.843958
273,0.591519,0.581729,0.843976
274,0.591527,0.581755,0.844020
275,0.591623,0.581936,0.844039
276,0.591680,0.582003,0.844048
277,0.591725,0.582206,0.844053
278,0.591802,0.582397,0.844055
279,0.591857,0.582593,0.844065
280,0.591942,0.582599,0.844067
281,0.592002,0.582665,0.844082
282,0.592003,0.582825,0.844171
283,0.592057,0.582828,0.844211
284,0.592184,0.582914,0.844218
285,0.592187,0.582921,0.844242
286,0.592277,0.582934,0.844279
287,0.592360,0.582969,0.844282
288,0.592513,0.582985,0.844284
289,0.592539,0.583115,0.844305
290,0.592579,0.583140,0.844348
291,0.592698,0.583258,0.844362
292,0.592740,0.583274,0.844368
293,0.592771,0.583284,0.844414
294,0.592791,0.583331,0.844417
295,0.592890,0.583365,0.844454
296,0.593210,0.583373,0.844461
297,0.593239,0.583479,0.844489
298,0.593242,0.583538,0.844572
299,0.593352,0.583602,0.844576
300,0.593414,0.583713,0.844582
301,0.593471,0.583831,0.844651
302,0.593542,0.583906,0.844740
303,0.593595,0.583910,0.844771
304,0.593680,0.584255,0.844812
305,0.593691,0.584278,0.844845
306,0.593718,0.584344,0.844850
307,0.593728,0.584566,0.844865
308,0.593748,0.584827,0.844894
309,0.593785,0.584873,0.844915
310,0.593871,0.584904,0.844918
311,0.593902,0.585068,0.845023
312,0.593928,0.585099,0.845048
313,0.593983,0.585240,0.845084
314,0.594035,0.585251,0.845142
315,0.594053,0.585274,0.845174
316,0.594253,0.585292,0.845184
317,0.594262,0.585337,0.845189
318,0.594367,0.585419,0.845230
319,0.594406,0.585453,0.845237
320,0.594583,0.585489,0.845260
321,0.594644,0.585530,0.845269
322,0.594654,0.585626,0.845272
323,0.594807,0.585675,0.845293
324,0.594951,0.585703,0.845353
325,0.594963,0.585825,0.845389
326,0.595071,0.585955,0.845416
327,0.595162,0.586047,0.845430
328,0.595169,0.586063,0.845438
329,0.595184,0.586081,0.845512
330,0.595197,0.586109,0.845524
331,0.595230,0.586156,0.845617
332,0.595237,0.586160,0.845635
333,0.595402,0.586239,0.845690
334,0.595446,0.586256,0.845707
335,0.595507,0.586263,0.845719
336,0.595568,0.586273,0.845747
337,0.595576,0.586278,0.845786
338,0.595822,0.586515,0.845822
339,0.595826,0.586525,0.845841
340,0.595831,0.586633,0.845875
341,0.595851,0.586639,0.845889
342,0.595852,0.586744,0.845911
343,0.595959,0.586840,0.845923
344,0.596103,0.586944,0.845931
345,0.596184,0.587113,0.845950
346,0.596195,0.587278,0.845957
347,0.596203,0.587279,0.846034
348,0.596258,0.587282,0.846046
349,0.596290,0.587294,0.846071
350,0.596349,0.587294,0.846095
351,0.596413,0.587325,0.846166
352,0.596421,0.587560,0.846212
353,0.596436,0.587568,0.846225
354,0.596473,0.587582,0.846279
355,0.596507,0.587585,0.846296
356,0.596520,0.587609,0.846305
357,0.596583,0.587625,0.846340
358,0.596951,0.587643,0.846343
359,0.597060,0.587836,0.846358
360,0.597068,0.587853,0.846449
361,0.597181,0.587861,0.846457
362,0.597225,0.587883,0.846457
363,0.597288,0.587935,0.846505
364,0.597304,0.587947,0.846513
365,0.597326,0.588035,0.846609
366,0.597553,0.588064,0.846614
367,0.597597,0.588088,0.846617
368,0.597715,0.588191,0.846688
369,0.597734,0.588214,0.846689
370,0.597858,0.588358,0.846694
371,0.597890,0.588395,0.846709
372,0.597904,0.588429,0.846726
373,0.597940,0.588430,0.846742
374,0.598082,0.588518,0.846766
375,0.598112,0.588706,0.846778
376,0.598138,0.588782,0.846804
377,0.598158,0.588821,0.846808
378,0.598169,0.588881,0.846848
379,0.598178,0.588969,0.846850
380,0.598186,0.588998,0.846856
381,0.598330,0.589022,0.846858
382,0.598710,0.589023,0.846871
383,0.598740,0.589047,0.846893
384,0.598747,0.589094,0.846894
385,0.598751,0.589232,0.846897
386,0.598778,0.589290,0.846934
387,0.598930,0.589296,0.846962
388,0.599064,0.589331,0.847005
389,0.599098,0.589427,0.847109
390,0.599119,0.589431,0.847166
391,0.599121,0.589482,0.847189
392,0.599210,0.589484,0.847194
393,0.599218,0.589538,0.847207
394,0.599219,0.589618,0.847235
395,0.599263,0.589794,0.847246
396,0.599350,0.589894,0.847259
397,0.599379,0.589943,0.847271
398,0.599426,0.590024,0.847322
399,0.599438,0.590140,0.847328
400,0.599472,0.590243,0.847354
401,0.599555,0.590254,0.847360
402,0.599674,0.590257,0.847373
403,0.599686,0.590320,0.847390
404,0.599777,0.590374,0.847402
405,0.599821,0.590375,0.847417
406,0.599877,0.590410,0.847424
407,0.599970,0.590418,0.847451
408,0.600009,0.590438,0.847467
409,0.600044,0.590566,0.847497
410,0.600044,0.590581,0.847511
411,0.600046,0.590612,0.847548
412,0.600083,0.590644,0.847571
413,0.600288,0.590653,0.847573
414,0.600457,0.590974,0.847580
415,0.600628,0.591015,0.847589
416,0.600718,0.591020,0.847614
417,0.600801,0.591034,0.847618
418,0.600862,0.591214,0.847621
419,0.600864,0.591274,0.847632
420,0.600885,0.591276,0.847633
421,0.601097,0.591279,0.847642
422,0.601346,0.591448,0.847644
423,0.601486,0.591461,0.847715
424,0.601529,0.591510,0.847757
425,0.601537,0.591510,0.847778
426,0.601608,0.591522,0.847782
427,0.601618,0.591579,0.847845
428,0.601619,0.591709,0.847874
429,0.601654,0.591762,0.847895
430,0.601797,0.591790,0.847999
431,0.601821,0.591816,0.848029
432,0.601853,0.591865,0.848031
433,0.602052,0.591883,0.848054
434,0.602151,0.591971,0.848061
435,0.602166,0.592060,0.848086
436,0.602215,0.592089,0.848106
437,0.602320,0.592118,0.848127
438,0.602321,0.592127,0.848134
439,0.602373,0.592209,0.848135
440,0.602507,0.592258,0.848166
441,0.602546,0.592325,0.848191
442,0.602610,0.592406,0.848214
443,0.602613,0.592424,0.848246
444,0.602651,0.592432,0.848337
445,0.602745,0.592508,0.848350
446,0.603034,0.592596,0.848367
447,0.603128,0.592637,0.848401
448,0.603227,0.592673,0.848454
449,0.603298,0.592697,0.848484
450,0.603311,0.592793,0.848525
451,0.603341,0.592843,0.848546
452,0.603401,0.593005,0.848646
453,0.603437,0.593178,0.848656
454,0.603545,0.593252,0.848658
455,0.603550,0.593279,0.848667
456,0.603553,0.593305,0.848684
457,0.604073,0.593308,0.848746
458,0.604096,0.593328,0.848786
459,0.604132,0.593339,0.848787
460,0.604188,0.593401,0.848808
461,0.604189,0.593450,0.848848
462,0.604222,0.593462,0.848866
463,0.604277,0.593541,0.848880
464,0.604294,0.593569,0.848904
465,0.604464,0.593604,0.848927
466,0.604523,0.593609,0.848968
467,0.604566,0.593649,0.848987
468,0.604607,0.593779,0.848997
469,0.604627,0.593794,0.849005
470,0.604640,0.593886,0.849020
471,0.604687,0.593910,0.849037
472,0.604903,0.593923,0.849049
473,0.604988,0.593933,0.849049
474,0.605010,0.593980,0.849057
475,0.605014,0.594114,0.849072
476,0.605015,0.594162,0.849074
477,0.605133,0.594220,0.849080
478,0.605225,0.594266,0.849089
479,0.605522,0.594392,0.849178
480,0.605545,0.594409,0.849190
481,0.605548,0.594471,0.849246
482,0.605589,0.594592,0.849319
483,0.605616,0.594646,0.849322
484,0.605764,0.594682,0.849322
485,0.605792,0.594898,0.849343
486,0.605793,0.594927,0.849396
487,0.605844,0.594928,0.849409
488,0.605856,0.595081,0.849435
489,0.605938,0.595216,0.849441
490,0.606081,0.595226,0.849443
491,0.606094,0.595290,0.849449
492,0.606116,0.595296,0.849487
493,0.606138,0.595354,0.849521
494,0.606164,0.595423,0.849532
495,0.606406,0.595499,0.849546
496,0.606494,0.595596,0.849551
497,0.606505,0.595666,0.849555
498,0.606542,0.595688,0.849575
499,0.606546,0.595848,0.849596
500,0.606549,0.595858,0.849621
501,0.606563,0.595986,0.849637
502,0.606600,0.596036,0.849647
503,0.606612,0.596125,0.849658
504,0.606704,0.596141,0.849677
505,0.606789,0.596210,0.849710
506,0.606845,0.596352,0.849712
507,0.606846,0.596379,0.849725
508,0.606904,0.596403,0.849726
509,0.606917,0.596437,0.849737
510,0.607052,0.596486,0.849811
511,0.607152,0.596535,0.849836
512,0.607215,0.596545,0.849850
513,0.607454,0.596621,0.849893
514,0.607637,0.596643,0.849910
515,0.607676,0.596684,0.849925
516,0.607698,0.596729,0.849970
517,0.607709,0.596737,0.849992
518,0.607753,0.596756,0.849998
519,0.607878,0.596775,0.849999
520,0.608033,0.596783,0.850023
521,0.608037,0.596816,0.850034
522,0.608107,0.596838,0.850067
523,0.608211,0.596965,0.850097
524,0.608332,0.597121,0.850106
525,0.608492,0.597157,0.850118
526,0.608653,0.597222,0.850126
527,0.608682,0.597240,0.850155
528,0.608840,0.597342,0.850160
529,0.609006,0.597384,0.850171
530,0.609042,0.597519,0.850183
531,0.609075,0.597605,0.850187
532,0.609110,0.597715,0.850194
533,0.609162,0.597748,0.850219
534,0.609442,0.597773,0.850239
535,0.609452,0.597865,0.850284
536,0.609466,0.598017,0.850301
537,0.609484,0.598096,0.850322
538,0.609510,0.598230,0.850326
539,0.609527,0.598246,0.850329
540,0.609557,0.598404,0.850374
541,0.609599,0.598497,0.850379
542,0.609610,0.598711,0.850381
543,0.609681,0.598750,0.850404
544,0.609728,0.598861,0.850411
545,0.609791,0.598957,0.850419
546,0.609840,0.598973,0.850495
547,0.609858,0.598991,0.850505
548,0.609888,0.598996,0.850593
549,0.609905,0.598997,0.850605
550,0.609929,0.599009,0.850637
551,0.609953,0.599054,0.850647
552,0.610067,0.599085,0.850685
553,0.610128,0.599132,0.850701
554,0.610321,0.599182,0.850711
555,0.610373,0.599191,0.850755
556,0.610476,0.599391,0.850764
557,0.610551,0.599406,0.850772
558,0.610569,0.599578,0.850777
559,0.611060,0.599659,0.850782
560,0.611066,0.599679,0.850838
561,0.611211,0.599795,0.850839
562,0.611221,0.599912,0.850877
563,0.611275,0.600009,0.850879
564,0.611320,0.600012,0.850890
565,0.611501,0.600080,0.851047
566,0.611566,0.600197,0.851069
567,0.611672,0.600304,0.851159
568,0.611687,0.600326,0.851260
569,0.611703,0.600391,0.851278
570,0.611749,0.600440,0.851302
571,0.611783,0.600448,0.851318
572,0.611899,0.600541,0.851331
573,0.611924,0.600554,0.851336
574,0.611933,0.600555,0.851366
575,0.612043,0.600579,0.851366
576,0.612110,0.600583,0.851371
577,0.612293,0.600634,0.851467
578,0.612362,0.600688,0.851500
579,0.612435,0.600777,0.851518
580,0.612551,0.600876,0.851519
581,0.612560,0.600924,0.851532
582,0.612648,0.600947,0.851608
583,0.612657,0.600964,0.851641
584,0.612927,0.600999,0.851644
585,0.612937,0.601067,0.851659
586,0.613020,0.601081,0.851661
587,0.613127,0.601107,0.851662
588,0.613133,0.601115,0.851699
589,0.613180,0.601270,0.851725
590,0.613270,0.601271,0.851751
591,0.613331,0.601284,0.851753
592,0.613373,0.601340,0.851820
593,0.613680,0.601628,0.851828
594,0.613687,0.601680,0.851835
595,0.613702,0.601685,0.851851
596,0.613714,0.601751,0.851870
597,0.613782,0.601763,0.851894
598,0.613851,0.601828,0.851932
599,0.614067,0.601856,0.851970
600,0.614096,0.601860,0.851993
601,0.614261,0.602018,0.852005
602,0.614385,0.602047,0.852015
603,0.614420,0.602071,0.852065
604,0.614464,0.602090,0.852125
605,0.614582,0.602119,0.852157
606,0.614609,0.602204,0.852170
607,0.614728,0.602239,0.852171
608,0.614760,0.602244,0.852193
609,0.614788,0.602274,0.852194
610,0.614869,0.602328,0.852200
611,0.614902,0.602341,0.852208
612,0.614916,0.602455,0.852218
613,0.614936,0.602489,0.852221
614,0.614975,0.602563,0.852230
615,0.615154,0.602586,0.852238
616,0.615210,0.602591,0.852246
617,0.615360,0.602632,0.852298
618,0.615445,0.602647,0.852358
619,0.615561,0.602685,0.852372
620,0.615643,0.602689,0.852395
621,0.615673,0.602743,0.852405
622,0.615808,0.602748,0.852414
623,0.615810,0.602762,0.852419
624,0.615832,0.602772,0.852460
625,0.615837,0.602808,0.852498
626,0.615855,0.602821,0.852517
627,0.616115,0.602879,0.852520
628,0.616149,0.602934,0.852523
629,0.616163,0.602937,0.852536
630,0.616296,0.602980,0.852540
631,0.616363,0.603020,0.852614
632,0.616372,0.603038,0.852625
633,0.616405,0.603067,0.852638
634,0.616405,0.603070,0.852701
635,0.616416,0.603158,0.852717
636,0.616433,0.603294,0.852742
637,0.616500,0.603323,0.852750
638,0.616849,0.603472,0.852766
639,0.616872,0.603548,0.852777
640,0.616939,0.603575,0.852802
641,0.616984,0.603584,0.852805
642,0.617000,0.603592,0.852812
643,0.617049,0.603607,0.852816
644,0.617090,0.603658,0.852869
645,0.617123,0.603706,0.852870
646,0.617214,0.603708,0.852958
647,0.617266,0.604235,0.852959
648,0.617323,0.604265,0.852980
649,0.617356,0.604294,0.853035
650,0.617358,0.604410,0.853090
651,0.617384,0.604450,0.853125
652,0.617550,0.604453,0.853141
653,0.617566,0.604463,0.853147
654,0.617816,0.604493,0.853152
655,0.617900,0.604578,0.853155
656,0.618183,0.604612,0.853156
657,0.618195,0.604740,0.853182
658,0.618202,0.604882,0.853197
659,0.618372,0.604932,0.853218
660,0.618377,0.605205,0.853314
661,0.618404,0.605208,0.853319
662,0.618535,0.605338,0.853351
663,0.618633,0.605340,0.853352
664,0.618652,0.605358,0.853359
665,0.618677,0.605421,0.853359
666,0.618711,0.605514,0.853388
667,0.618848,0.605599,0.853404
668,0.618907,0.605629,0.853427
669,0.618944,0.605711,0.853460
670,0.618959,0.605734,0.853487
671,0.618971,0.605836,0.853489
672,0.619127,0.605872,0.853494
673,0.619180,0.605872,0.853536
674,0.619205,0.605874,0.853580
675,0.619366,0.605899,0.853600
676,0.619380,0.605928,0.853609
677,0.619635,0.605954,0.853656
678,0.619654,0.605956,0.853668
679,0.619745,0.605969,0.853671
680,0.619784,0.605995,0.853708
681,0.619802,0.606081,0.853721
682,0.619863,0.606107,0.853725
683,0.619868,0.606143,0.853742
684,0.619911,0.606168,0.853743
685,0.619943,0.606177,0.853745
686,0.619979,0.606259,0.853752
687,0.619983,0.606352,0.853797
688,0.620073,0.606383,0.853828
689,0.620092,0.606386,0.853866
690,0.620106,0.606589,0.853868
691,0.620106,0.606594,0.853876
692,0.620528,0.606613,0.853932
693,0.620577,0.607157,0.853937
694,0.620924,0.607232,0.853961
695,0.620929,0.607379,0.853973
696,0.620957,0.607405,0.853975
697,0.621053,0.607478,0.853991
698,0.621250,0.607489,0.853994
699,0.621318,0.607641,0.854010
700,0.621346,0.607647,0.854037
701,0.621426,0.607692,0.854098
702,0.621476,0.607716,0.854164
703,0.621572,0.607831,0.854193
704,0.621658,0.607916,0.854197
705,0.621935,0.607953,0.854223
706,0.621974,0.608038,0.854223
707,0.621996,0.608168,0.854271
708,0.622116,0.608214,0.854289
709,0.622165,0.608362,0.854316
710,0.622180,0.608388,0.854333
711,0.622461,0.608415,0.854380
712,0.622536,0.608526,0.854400
713,0.622538,0.608702,0.854416
714,0.622626,0.608751,0.854436
715,0.622642,0.608831,0.854438
716,0.622972,0.608853,0.854444
717,0.623007,0.608939,0.854455
718,0.623066,0.608970,0.854468
719,0.623104,0.609012,0.854583
720,0.623108,0.609078,0.854624
721,0.623243,0.609085,0.854651
722,0.623354,0.609137,0.854663
723,0.623494,0.609179,0.854670
724,0.623540,0.609241,0.854677
725,0.623717,0.609333,0.854716
726,0.623844,0.609401,0.854789
727,0.623922,0.609416,0.854791
728,0.624004,0.609484,0.854796
729,0.624011,0.609599,0.854820
730,0.624037,0.609628,0.854830
731,0.624105,0.609658,0.854851
732,0.624238,0.609731,0.854946
733,0.624244,0.609743,0.854947
734,0.624309,0.609795,0.854971
735,0.624395,0.609888,0.854986
736,0.624482,0.609897,0.855013
737,0.624701,0.609941,0.855018
738,0.624753,0.609964,0.855042
739,0.624776,0.609971,0.855088
740,0.624941,0.609972,0.855104
741,0.624941,0.610039,0.855105
742,0.625143,0.610049,0.855110
743,0.625146,0.610112,0.855111
744,0.625180,0.610236,0.855114
745,0.625181,0.610286,0.855119
746,0.625318,0.610403,0.855138
747,0.625325,0.610427,0.855248
748,0.625336,0.610455,0.855262
749,0.625449,0.610486,0.855279
750,0.625510,0.610486,0.855302
751,0.625549,0.610812,0.855362
752,0.625710,0.610827,0.855413
753,0.625741,0.610829,0.855480
754,0.625781,0.610956,0.855533
755,0.625874,0.610992,0.855553
756,0.625980,0.611064,0.855589
757,0.626001,0.611118,0.855605
758,0.626061,0.611233,0.855622
759,0.626095,0.611421,0.855628
760,0.626170,0.611479,0.855675
761,0.626530,0.611479,0.855706
762,0.626590,0.611667,0.855765
763,0.626738,0.611682,0.855776
764,0.626913,0.611695,0.855785
765,0.626930,0.611695,0.855797
766,0.626936,0.611697,0.855832
767,0.626967,0.611723,0.855834
768,0.626993,0.611856,0.855874
769,0.627020,0.611875,0.855894
770,0.627099,0.611943,0.855913
771,0.627176,0.611971,0.855948
772,0.627200,0.612013,0.855977
773,0.627363,0.612232,0.856016
774,0.627408,0.612338,0.856026
775,0.627447,0.612345,0.856047
776,0.627477,0.612374,0.856087
777,0.627739,0.612380,0.856107
778,0.627886,0.612538,0.856152
779,0.627889,0.612552,0.856183
780,0.627945,0.612554,0.856186
781,0.628006,0.612617,0.856255
782,0.628053,0.612653,0.856261
783,0.628424,0.612828,0.856376
784,0.628568,0.612946,0.856400
785,0.628728,0.612955,0.856426
786,0.628741,0.612977,0.856431
787,0.628789,0.613028,0.856504
788,0.628836,0.613050,0.856528
789,0.628848,0.613068,0.856560
790,0.628903,0.613087,0.856596
791,0.628997,0.613348,0.856611
792,0.629062,0.613479,0.856614
793,0.629128,0.613482,0.856624
794,0.629129,0.613488,0.856649
795,0.629252,0.613496,0.856650
796,0.629303,0.613505,0.856650
797,0.629379,0.613555,0.856667
798,0.629408,0.613600,0.856668
799,0.629527,0.613696,0.856698
800,0.629630,0.613817,0.856781
801,0.629658,0.613997,0.856809
802,0.629688,0.614046,0.856825
803,0.629722,0.614076,0.856852
804,0.629901,0.614186,0.856862
805,0.630108,0.614220,0.856887
806,0.630292,0.614282,0.856900
807,0.630354,0.614301,0.857133
808,0.630377,0.614329,0.857247
809,0.630466,0.614369,0.857311
810,0.630515,0.614520,0.857316
811,0.630589,0.614634,0.857329
812,0.630849,0.614695,0.857334
813,0.630905,0.614785,0.857361
814,0.630920,0.615157,0.857370
815,0.631024,0.615160,0.857390
816,0.631031,0.615391,0.857398
817,0.631087,0.615434,0.857401
818,0.631160,0.615488,0.857426
819,0.631373,0.615538,0.857427
820,0.631380,0.615594,0.857427
821,0.631390,0.615653,0.857458
822,0.631418,0.615768,0.857499
823,0.631456,0.615785,0.857526
824,0.631458,0.615864,0.857534
825,0.631574,0.615907,0.857545
826,0.631834,0.615941,0.857592
827,0.631869,0.616030,0.857596
828,0.631869,0.616074,0.857620
829,0.631922,0.616224,0.857699
830,0.631999,0.616286,0.857715
831,0.632004,0.616329,0.857742
832,0.632079,0.616423,0.857777
833,0.632220,0.616493,0.857822
834,0.632375,0.616524,0.857838
835,0.632539,0.616569,0.857849
836,0.632569,0.616586,0.857885
837,0.632645,0.616679,0.857907
838,0.632670,0.616755,0.858041
839,0.632765,0.616865,0.858049
840,0.633138,0.616902,0.858081
841,0.633279,0.617035,0.858106
842,0.633632,0.617115,0.858116
843,0.633667,0.617433,0.858218
844,0.633822,0.617539,0.858271
845,0.633950,0.617572,0.858284
846,0.634066,0.617745,0.858317
847,0.634094,0.617838,0.858386
848,0.634115,0.617894,0.858394
849,0.634167,0.617971,0.858484
850,0.634225,0.618083,0.858514
851,0.634248,0.618206,0.858528
852,0.634256,0.618291,0.858547
853,0.634272,0.618330,0.858597
854,0.634421,0.618527,0.858659
855,0.634434,0.618531,0.858743
856,0.634621,0.618571,0.858763
857,0.634686,0.618597,0.858800
858,0.634724,0.618724,0.858864
859,0.635013,0.618897,0.858910
860,0.635185,0.618929,0.858962
861,0.635210,0.618943,0.858976
862,0.635358,0.619067,0.859005
863,0.635413,0.619182,0.859028
864,0.635421,0.619261,0.859100
865,0.635428,0.619284,0.859178
866,0.635526,0.619408,0.859194
867,0.635802,0.619446,0.859209
868,0.635946,0.619593,0.859251
869,0.635959,0.619790,0.859254
870,0.636102,0.619885,0.859314
871,0.636222,0.620053,0.859350
872,0.636340,0.620179,0.859362
873,0.636477,0.620184,0.859425
874,0.636550,0.620396,0.859488
875,0.636758,0.620697,0.859509
876,0.637094,0.620722,0.859623
877,0.637366,0.620783,0.859629
878,0.637436,0.620823,0.859660
879,0.637541,0.620864,0.859709
880,0.638133,0.621158,0.859760
881,0.638200,0.621384,0.859771
882,0.638293,0.621437,0.859894
883,0.638316,0.621473,0.859916
884,0.638395,0.621489,0.859978
885,0.638399,0.621546,0.860013
886,0.638526,0.621627,0.860120
887,0.638839,0.621840,0.860141
888,0.638945,0.621853,0.860224
889,0.639357,0.621859,0.860278
890,0.639413,0.621900,0.860320
891,0.639660,0.621937,0.860338
892,0.639771,0.622107,0.860351
893,0.640295,0.622120,0.860375
894,0.640561,0.622158,0.860536
895,0.640964,0.622295,0.860538
896,0.640969,0.622330,0.860564
897,0.641356,0.622345,0.860653
898,0.641370,0.622480,0.860667
899,0.641452,0.622529,0.860682
900,0.641456,0.622628,0.860702
901,0.641488,0.622858,0.860715
902,0.641496,0.622926,0.860779
903,0.641581,0.622997,0.860784
904,0.642166,0.623008,0.860840
905,0.642181,0.623019,0.860871
906,0.642263,0.623111,0.860871
907,0.642374,0.623219,0.860924
908,0.642420,0.623234,0.860947
909,0.642482,0.623273,0.861043
910,0.643048,0.623280,0.861055
911,0.643063,0.623492,0.861142
912,0.643077,0.623571,0.861210
913,0.643117,0.623881,0.861276
914,0.643118,0.624462,0.861299
915,0.643233,0.624623,0.861315
916,0.643295,0.624650,0.861341
917,0.643326,0.624835,0.861378
918,0.643448,0.624865,0.861409
919,0.643543,0.624885,0.861447
920,0.643693,0.625095,0.861469
921,0.643763,0.625411,0.861621
922,0.643859,0.625411,0.861702
923,0.644325,0.625462,0.861765
924,0.644408,0.625478,0.861823
925,0.644723,0.625595,0.861956
926,0.644947,0.625615,0.861960
927,0.645180,0.626210,0.862056
928,0.645636,0.626362,0.862107
929,0.645642,0.627490,0.862116
930,0.645771,0.627651,0.862234
931,0.645874,0.627859,0.862266
932,0.645882,0.627867,0.862278
933,0.645926,0.628028,0.862511
934,0.646488,0.628161,0.862610
935,0.646590,0.628212,0.862682
936,0.646789,0.628822,0.862690
937,0.646876,0.629205,0.862727
938,0.647047,0.629249,0.862743
939,0.647237,0.629274,0.862798
940,0.647247,0.629514,0.862891
941,0.647268,0.629655,0.862910
942,0.647316,0.629951,0.862990
943,0.647597,0.630196,0.863202
944,0.647866,0.630205,0.863295
945,0.648117,0.630570,0.863472
946,0.648795,0.630940,0.863532
947,0.648858,0.631144,0.863556
948,0.649367,0.631210,0.863609
949,0.649519,0.631588,0.863675
950,0.649726,0.632131,0.863769
951,0.649991,0.632163,0.863880
952,0.650347,0.632216,0.863948
953,0.650532,0.632237,0.864072
954,0.650546,0.632438,0.864180
955,0.651235,0.632442,0.864199
956,0.651409,0.632575,0.864314
957,0.651432,0.632627,0.864346
958,0.651557,0.632874,0.864354
959,0.651829,0.633456,0.864476
960,0.652004,0.633698,0.864549
961,0.652729,0.633699,0.864612
962,0.652986,0.633778,0.864653
963,0.653248,0.634036,0.864876
964,0.653802,0.634989,0.864895
965,0.654030,0.635217,0.864972
966,0.654137,0.635557,0.865022
967,0.654385,0.635783,0.865235
968,0.654463,0.636290,0.865244
969,0.654908,0.636319,0.865373
970,0.655604,0.636670,0.865479
971,0.656357,0.637446,0.865498
972,0.657384,0.637671,0.865608
973,0.657675,0.638002,0.865785
974,0.659283,0.638018,0.865843
975,0.659981,0.638175,0.865897
976,0.660516,0.638683,0.866154
977,0.661039,0.639369,0.866425
978,0.661799,0.639411,0.866571
979,0.663636,0.639636,0.866921
980,0.663960,0.640886,0.866960
981,0.664155,0.640957,0.866997
982,0.664238,0.641038,0.867527
983,0.664348,0.641706,0.867756
984,0.664454,0.642564,0.867870
985,0.664652,0.643690,0.868465
986,0.664748,0.644041,0.868476
987,0.665193,0.644841,0.868527
988,0.665296,0.646391,0.869036
989,0.669696,0.646939,0.869045
990,0.670452,0.647524,0.869411
991,0.670526,0.649450,0.869510
992,0.671087,0.649507,0.869521
993,0.671385,0.650530,0.870374
994,0.672183,0.651944,0.870840
995,0.676826,0.652607,0.871589
996,0.677070,0.653188,0.872754
997,0.678859,0.654790,0.873780
998,0.679477,0.656517,0.874248
999,0.685158,0.658660,0.877425
1000,0.686720,0.675381,0.878316
