path,manifest_sha,manifest_bytes,disk_bytes,disk_form,disk_has_cr,bom,disk_sha_raw,head_bytes,head_form,head_has_cr,head_sha_raw
annotation/ANNOTATION_GUIDE.md,73200029940ff621852bb68d480b25d454681c4fdeb657339926bf2e4e755336,2969,2969,raw,1,0,73200029940ff621852bb68d480b25d454681c4fdeb657339926bf2e4e755336,2900,crlf,0,57d73439489371a0fba6d4691d5714e8c86aed55c26c4798aafcbd3add918323
annotation/annotations_rater1.csv,d740f61270ee34952c2172561c9f72ca9ac58e54cc657be17a6051d646bd1c4d,3313,3313,raw,1,0,d740f61270ee34952c2172561c9f72ca9ac58e54cc657be17a6051d646bd1c4d,3272,crlf,0,ef363593ac173e26fe66a4fea1914be9cd4ac58c3d096127638564211cbaeea3
annotation/gold_dev200.csv,b695ede6b93c33a506f769aa77d3d9c70b2616ed3c22f2235ffe53537bc16d92,1607,1607,raw,1,0,b695ede6b93c33a506f769aa77d3d9c70b2616ed3c22f2235ffe53537bc16d92,1570,crlf,0,5a0cf5de91281faf2be0b022dfcb67d340c61aff549efb9128145be1a3392528
annotation/gold_dev200_UNUSABLE_alpha0.177.csv,f4726f55b32d0244d700b010fd24b7eaea4fac688bf5b8f23b052567e430daed,980,980,raw,1,0,f4726f55b32d0244d700b010fd24b7eaea4fac688bf5b8f23b052567e430daed,955,crlf,0,9ae6717b8f20c1c48ae60ae2c7b3041e9d615544d2b992ea802fef9b8a1f57ba
annotation/OFFLINE_GUIDE.md,38e58b149b8e8e968de336c08bb978e5ac43770fbf90a6e281e5e4263305b39a,1746,1746,raw,1,0,38e58b149b8e8e968de336c08bb978e5ac43770fbf90a6e281e5e4263305b39a,1708,crlf,0,e29d070acca380d7f46331be553f1936eb9ed821457a31736f4054fc68a20ad9
annotation/rejected/annotations_rater1.csv,24167e8f0efe0931da9e477c88fe76c1d2d9f5c833930a96113e1bcbecbe4be3,8632,8632,raw,1,0,24167e8f0efe0931da9e477c88fe76c1d2d9f5c833930a96113e1bcbecbe4be3,8523,crlf,0,9e18f599ffbbfa0552fef33599a2c6ddcf2db760e7a8106905d7eb3f01c7a38f
annotation/rejected/annotations_rater2.csv,e772355912d84019ba87e64a6cb8214cac6b97743f2614912ee278a4958c5067,8546,8546,raw,1,0,e772355912d84019ba87e64a6cb8214cac6b97743f2614912ee278a4958c5067,8438,crlf,0,acc27b4fe746e2576dd56814de31b61d0abdca9c4ddb522549a34a929204faae
annotation/rejected/annotations_rater3.csv,e061742beaf0d429bff0fe15c389659230a639d24e94df6a804112a8be925ee7,8945,8945,raw,1,0,e061742beaf0d429bff0fe15c389659230a639d24e94df6a804112a8be925ee7,8833,crlf,0,e78f911432ad734364ad9c08f0d2f986d409b3bfc9b0539b2b4f3278718f3f8a
annotation/rejected/gold_dev200.csv,5ff865626164ed340378235bd5626480935266fbcb116ae7d703edcd1ce3c258,8056,8056,raw,1,0,5ff865626164ed340378235bd5626480935266fbcb116ae7d703edcd1ce3c258,7859,crlf,0,5844790a14b65a75241880a928b2ff1dd698af448087cde402f4bfa101673515
annotation/rejected/rater1_OFFLINE.csv,e0ad9cf42c5ae4fbaff978b2a70dacd00301c1e72c818bac159a235df371d4f2,362207,362207,raw,1,1,e0ad9cf42c5ae4fbaff978b2a70dacd00301c1e72c818bac159a235df371d4f2,362085,none,0,b0d78ba8bffa4ddca24b979ab653a8f51942302a96de8075456b793129f514ef
annotation/rejected/rater2_OFFLINE.csv,4aec233a1faa3a154c454afe0acb07b16a852e60a941a33dc47b3c8677d08c34,640948,640948,raw,1,1,4aec233a1faa3a154c454afe0acb07b16a852e60a941a33dc47b3c8677d08c34,640725,none,0,c8da8ac08a4267b8ea539482b6f674fc6bb163695d41031e26c9433e40aee6c3
annotation/rejected/rater3_OFFLINE.csv,7d612f33ada42f139c6def8590421725377d5c819c9d4353850af45ae54365b6,618812,618812,raw,1,1,7d612f33ada42f139c6def8590421725377d5c819c9d4353850af45ae54365b6,618589,none,0,77a908953ab7c1d0bfcde84134081c7c5d430a528878ed86ff21d57c338d8d13
AUDIT_RECONCILIATION.md,9b0ab4a0a1c5220f87653fe1ad98a95666bf7b92186f43f40e0db8dd48419f88,2302,2302,raw,1,0,9b0ab4a0a1c5220f87653fe1ad98a95666bf7b92186f43f40e0db8dd48419f88,2222,crlf,0,9eec4735f7e0dce8ed2bfc8a510ad241bd3c452a379e83af4f5fa12b7574ddee
DECISIONS.md,e75ef976d6e95407f44bc3ff1046b041b21451a507707135182f3c61e3a4c2b0,26228,26228,raw,1,0,e75ef976d6e95407f44bc3ff1046b041b21451a507707135182f3c61e3a4c2b0,25706,crlf,0,e6a8ccb7ff0ea71f326a8ed02750a8435c9629cc8ae98f70c1e6a86ae29b67d2
figures/fig1_coverage_scope.png,febdc6ff674056b70b05c77e8ff3bc3f2e7a0017251a5e39fe387d04e28ca940,221110,221110,raw,1,0,febdc6ff674056b70b05c77e8ff3bc3f2e7a0017251a5e39fe387d04e28ca940,221110,raw,1,febdc6ff674056b70b05c77e8ff3bc3f2e7a0017251a5e39fe387d04e28ca940
figures/fig2_benchmark.png,63e8c892928d5b26a9801d9e08f19aaea6969b90c4298cc09cc258bea46bdf31,127713,127713,raw,1,0,63e8c892928d5b26a9801d9e08f19aaea6969b90c4298cc09cc258bea46bdf31,127713,raw,1,63e8c892928d5b26a9801d9e08f19aaea6969b90c4298cc09cc258bea46bdf31
figures/fig3_nulls_moderator.png,483ebba15dd7cf926a0c132f6ee8c84a1cf0351ff8c73ea7ff8aff74fd1eb707,125023,125023,raw,1,0,483ebba15dd7cf926a0c132f6ee8c84a1cf0351ff8c73ea7ff8aff74fd1eb707,125023,raw,1,483ebba15dd7cf926a0c132f6ee8c84a1cf0351ff8c73ea7ff8aff74fd1eb707
figures/fig3a_null_distributions.png,1a717e7f99779e394009a9e68cb6aeb191f96574f689c0f339405340157c7e54,48243,48243,raw,1,0,1a717e7f99779e394009a9e68cb6aeb191f96574f689c0f339405340157c7e54,48243,raw,1,1a717e7f99779e394009a9e68cb6aeb191f96574f689c0f339405340157c7e54
figures/fig4_gase_abstention.png,e0e8ef0feecd52581b824c2c9b67d7108f912a68c55d91d2d14794e3dbc09393,167726,167726,raw,1,0,e0e8ef0feecd52581b824c2c9b67d7108f912a68c55d91d2d14794e3dbc09393,167726,raw,1,e0e8ef0feecd52581b824c2c9b67d7108f912a68c55d91d2d14794e3dbc09393
logs/console_log.txt,7e038e3f2f48341a4b2a565063cc7198649013fdfbb9e05678ead0fec5c565a3,12238,12238,raw,1,0,7e038e3f2f48341a4b2a565063cc7198649013fdfbb9e05678ead0fec5c565a3,12062,crlf,0,9f96c25e86ecf2b60f04c5e44a0fa56bf927945a485d17edea7bbb7c0dafa90b
logs/console_log_02.txt,e866ddc2a30d724d1fb96701d4e6acc586a77a2f6d42baa9be9d2c3656bf574a,21279,21279,raw,1,0,e866ddc2a30d724d1fb96701d4e6acc586a77a2f6d42baa9be9d2c3656bf574a,20958,crlf,0,7adb26738b3705ace2519dddd3bd69f5127449e881e3c34259205bbf642494be
logs/console_log_03.txt,2c8c158d7d09c5bc091300cd9cfd4bba4b663a35e57522ea5ede75f884d0bf05,10183,10183,raw,1,0,2c8c158d7d09c5bc091300cd9cfd4bba4b663a35e57522ea5ede75f884d0bf05,10001,crlf,0,87616d770443649513fd3ebeb3d68bfa787f75fec6ae4cd1eb23fbd6046a8641
logs/console_log_04.txt,54063423e5ce9a2a85034ba634bed3b096495829e9b3826f9ecb3f76bdf5f4c6,6629,6629,raw,1,0,54063423e5ce9a2a85034ba634bed3b096495829e9b3826f9ecb3f76bdf5f4c6,6503,crlf,0,55bb397ad375436c9ed5c5d464448a7e2e8b27792983bc1e9bfe2f059a01a37b
logs/console_log_05.txt,4efe859e66d5395272a285ad202defd5969afc349d5f3cf553b68e993c33e3c6,4523,4523,raw,1,0,4efe859e66d5395272a285ad202defd5969afc349d5f3cf553b68e993c33e3c6,4444,crlf,0,521b284da58dce48bcb355cfbf18581052464c8a8a7839f9263e098e04811919
logs/console_log_06.txt,2197a6a645addbfaf24cf7c9afc24b43fef7f10fe2895ab4a3eae9519a094532,46678,46678,raw,1,0,2197a6a645addbfaf24cf7c9afc24b43fef7f10fe2895ab4a3eae9519a094532,45998,crlf,0,be74a0d398004f854de4fd5d2ec12fe0ea59d43fc7676415e73de2da015a00f4
logs/console_log_08.txt,ca97baa89639410152475fa6e61891a75bd061a840f13891611394e4e17130f6,9214,9214,raw,1,0,ca97baa89639410152475fa6e61891a75bd061a840f13891611394e4e17130f6,9042,crlf,0,e5cc2297dc985b1f42f4b93aaa49e9831d7243f94f1216ce48cc5b65c50cfab1
logs/console_log_09.txt,e3b0c44298fc1c149afbf4c8996fb92427ae41e4649b934ca495991b7852b855,0,0,raw,0,0,e3b0c44298fc1c149afbf4c8996fb92427ae41e4649b934ca495991b7852b855,0,raw,0,e3b0c44298fc1c149afbf4c8996fb92427ae41e4649b934ca495991b7852b855
logs/console_log_10.txt,f1178785e651a5cdd4fd91c3b4ad5680e7731b17c0165ea6ba1035e071b4935d,1630,1630,raw,1,0,f1178785e651a5cdd4fd91c3b4ad5680e7731b17c0165ea6ba1035e071b4935d,1591,crlf,0,3cf6acc41bb7b9ec7dcd2d07e20f71fc71f30bb36c01be68c612c099709109aa
logs/console_log_11.txt,f18409936d2d565f8dcdc5142e9e65576595eb66f325b025b6d41e02728741d9,3568,3568,raw,1,0,f18409936d2d565f8dcdc5142e9e65576595eb66f325b025b6d41e02728741d9,3493,crlf,0,e802b2e29d3dc73fd87a15a74b5864d5523436a24cf4444ee67dc13d986115ae
logs/console_log_12.txt,afbfc7dbe3f2ea7d63d8d471eaf620aced3f4d75f55c2c3970821459bd0ff2de,1487,1487,raw,1,0,afbfc7dbe3f2ea7d63d8d471eaf620aced3f4d75f55c2c3970821459bd0ff2de,1452,crlf,0,67d29a4e40cc57cf1438cfa4e986dac9c68143f1689ee2ea9de63e8cef2d69c9
logs/console_log_13.txt,5f052ca885194ed37ee18ae22cd4b7c9077b0ae377911518b22010de0fa0c72d,2718,2718,raw,1,0,5f052ca885194ed37ee18ae22cd4b7c9077b0ae377911518b22010de0fa0c72d,2655,crlf,0,e897676f888538c8677d38db67a75d68e0e9de60fbcdd01062b9879677668f93
logs/console_log_14.txt,d06a1c6e55e5c18049a16a5f144082de597b3f62d92f37939fa8985dd0c9a415,9287,9287,raw,1,0,d06a1c6e55e5c18049a16a5f144082de597b3f62d92f37939fa8985dd0c9a415,9112,crlf,0,91503ea56cb19b7417bc8af197376726443321c9d477edb33bcd549b126ad7ac
logs/FORENSIC_REPORT.md,9a7078f67da0d9b6e39f1851e21fa892936773ca2a23dfea476eaa331fd3365b,14211,14211,raw,1,0,9a7078f67da0d9b6e39f1851e21fa892936773ca2a23dfea476eaa331fd3365b,13906,crlf,0,5f5137fa5c645afbe34337259446ed9bb3d9e4d2a907660ccc78d934205bf42e
manifest/core.json,a004251e63f6704a9ebff027102f5deb9f837844c69375942d4e5ab43706fc8b,911,911,raw,1,0,a004251e63f6704a9ebff027102f5deb9f837844c69375942d4e5ab43706fc8b,882,crlf,0,69d6d97016022cbc3f46b6f89013b838ed2cd1341c3a0b97b6a9fe0542de9c71
manifest/corpora.json,978535abce7b189b5fff12d7d84afdc208496d88eebf7a8b68e2f31788856d60,116546,116546,raw,1,0,978535abce7b189b5fff12d7d84afdc208496d88eebf7a8b68e2f31788856d60,113416,crlf,0,7e1b1ea0c370c8e7ce80aec12594a912586d9d507be66a430d78a92bb230e735
manifest/environment.json,8b56d2b9b6235cf3730db4dac72cee4930227bf0ff7b3afc5d932a9edcb7216e,10168,10168,raw,1,0,8b56d2b9b6235cf3730db4dac72cee4930227bf0ff7b3afc5d932a9edcb7216e,9814,crlf,0,fef34ee3595c78ebc1402504bb4d93151c2fdbe55e188501f72da58265865b31
manifest/scored.json,86b535512f69a97660ffe602ff7e20020af6956d3e340b4a13dd7800f104f57b,6649,6649,raw,1,0,86b535512f69a97660ffe602ff7e20020af6956d3e340b4a13dd7800f104f57b,6405,crlf,0,e88c8be6622de69ff0d348bf12468e3cb81393d90680f9ea88c7e193a8237ba3
NULLS.md,06cf8b3bd6100177178c095c8e968e10dc15a36ed088b2cec08113dfb7581083,1630,1630,raw,1,0,06cf8b3bd6100177178c095c8e968e10dc15a36ed088b2cec08113dfb7581083,1603,crlf,0,3d0649b3c14a75e111dc15baffd4154329bc1fc8a93851278dfc2fe5a31504cf
requirements-lock.txt,ab64b876d6e86071f8d15a56d0028a009d84a7f0e9e9285ecca1d9f4e43c7b33,4549,4549,raw,1,0,ab64b876d6e86071f8d15a56d0028a009d84a7f0e9e9285ecca1d9f4e43c7b33,4306,crlf,0,27c7f8c08a28a4a7a0a60093de6afd799b5f238b125f917275fb5f9c028e9f8a
scored/scored_dailydialog.csv,bd7a7380eb4e4b10206bdebf1e697f3372ecdbf602360a525c4ee67a92d39a79,31365659,31365659,raw,1,0,bd7a7380eb4e4b10206bdebf1e697f3372ecdbf602360a525c4ee67a92d39a79,31264632,crlf,0,a2a0e63620e6cc9c0c11a97dd1c6a69cf2863e9274f06afba64d3f2202f159d0
scored/scored_dailydialog.done,38fe9bab6ee5fe5a1e9100455ff4ef8533b6e6b048009e58187576830a0f717a,232,232,raw,1,0,38fe9bab6ee5fe5a1e9100455ff4ef8533b6e6b048009e58187576830a0f717a,224,crlf,0,bbc09de00ef36db9117180be2d1076393da58a649a22ef1a3777eaa28425da5b
scored/scored_dev_relationship.csv,d4f2437473cd1e3596697dbe307c072801310b1aafaec0450ce92bb950e43061,178739,178739,raw,1,0,d4f2437473cd1e3596697dbe307c072801310b1aafaec0450ce92bb950e43061,178538,crlf,0,b77f61a4408fa5f22c1ccc5f225b3744eba68888c980d864dfc7f079bfda1ce3
scored/scored_dev_relationship.done,54f9b813805ed2c1747660e586c8ce72cf1ffe3678151265ffa1ee2d30d86865,231,231,raw,1,0,54f9b813805ed2c1747660e586c8ce72cf1ffe3678151265ffa1ee2d30d86865,223,crlf,0,0b4495646e0f8bde06af21cd35bf1de65e655922b88aed93dff66bfbc1ebe2fb
scored/scored_empathetic.csv,0619f950130fc0771b5a8bb1597d0e505df94abb08c4b402344e9fdaadbc6002,6726948,6726948,raw,1,0,0619f950130fc0771b5a8bb1597d0e505df94abb08c4b402344e9fdaadbc6002,6707790,crlf,0,7755cb4d7172a661d48d53690dac4b488f8375239c5eb8f73bc16aa8b433b1f9
scored/scored_empathetic.done,b0c7bc2339662e977542e86f8d46d162f8308ff67e32282ef9c687c0c3bc07ae,228,228,raw,1,0,b0c7bc2339662e977542e86f8d46d162f8308ff67e32282ef9c687c0c3bc07ae,220,crlf,0,7256ab22b4c3c7858d6960615b64e6c72ba9011bb1dc1359fb45b3c800e94423
scored/scored_goemotions.csv,281ccf93a274a6809358bedd6c7fac50ed33a4bb2ad176f890fbe41ca0f6e978,17673473,17673473,raw,1,0,281ccf93a274a6809358bedd6c7fac50ed33a4bb2ad176f890fbe41ca0f6e978,17619209,crlf,0,eb8edc3d113f4214a2ab78fd475deaad22e3eb786bc1ca8034db42d879fb64b0
scored/scored_goemotions.done,c0c907c7f3c1861418d363ed87d05e149446010202300ffb1b0ddec1650454b4,228,228,raw,1,0,c0c907c7f3c1861418d363ed87d05e149446010202300ffb1b0ddec1650454b4,220,crlf,0,da3f58a2ab7e6d71ed01e69bd6af0bf192cf244baa145404b8c5bb6716d990a3
scored/scored_isear.csv,cc8e57d1b23b4574cd1a3353b5fb3cc69f92aec79816268067852bd549632266,2699602,2699602,raw,1,0,cc8e57d1b23b4574cd1a3353b5fb3cc69f92aec79816268067852bd549632266,2691935,crlf,0,d14ebbf18494fc5c55db66812b7482f2429d07aa3516c78a4db870e0fbf70032
scored/scored_isear.done,a8174766429d82eb904af84ddba237975952c411518a1821f020028e7f76b3e9,222,222,raw,1,0,a8174766429d82eb904af84ddba237975952c411518a1821f020028e7f76b3e9,214,crlf,0,c5128e518ecedbb9a840a689391424bdfd5ecdcdf424731ee962518e71133b3e
scored/scored_meld.csv,b236dc946318efc8ebb5dacf5137747d5d8e20d98b34d1c52968b37d23b6d052,3791870,3791870,raw,1,0,b236dc946318efc8ebb5dacf5137747d5d8e20d98b34d1c52968b37d23b6d052,3778161,crlf,0,4f67346adc7210460f2ec4d160a9c07945aeacd80e867d4f58ffe81535c46340
scored/scored_meld.done,989e31c2a4fb0f3929fb1e81e8c9ae74ce5d26f9f9f0b797b4654151de14b6dc,222,222,raw,1,0,989e31c2a4fb0f3929fb1e81e8c9ae74ce5d26f9f9f0b797b4654151de14b6dc,214,crlf,0,f9dbef7525546b717f714b752d95f718b824b7e5ed0f975b243a593023b7cf10
scored/scored_relationship.csv,bd9b14f261d093a4184d31456cc3695c0b1c2e8dd96bdfbe9901a8860d3b55ef,1172730,1172730,raw,1,0,bd9b14f261d093a4184d31456cc3695c0b1c2e8dd96bdfbe9901a8860d3b55ef,1171421,crlf,0,17e8b99ed36a80eb625628d1c99deb69f39477ca2d6770e14ae01a642c4e78e4
scored/scored_relationship.done,93422761c98e9b52edeedf610eeae74cd1766dc056ae61058e3dff7cc67e4e65,228,228,raw,1,0,93422761c98e9b52edeedf610eeae74cd1766dc056ae61058e3dff7cc67e4e65,220,crlf,0,3dec5e9c07a48c912ea557dff74823f1f8443e5236d2269e5e72225c01993c1d
scored/scored_semeval2017.csv,3531472b59152f758081a012e7d954d1d91103fd8218d5c4c3ae24c8bb8c2f44,18615454,18615454,raw,1,0,3531472b59152f758081a012e7d954d1d91103fd8218d5c4c3ae24c8bb8c2f44,18562647,crlf,0,f6f9f9219f3bd1057d05613d11990e8f3fe07f4b8279fa220084e3c41567b9a0
scored/scored_semeval2017.done,44fb025d1ef4caf277a3ad7bd1b4103dab6a1073cb921a346266d22376c1c4ff,230,230,raw,1,0,44fb025d1ef4caf277a3ad7bd1b4103dab6a1073cb921a346266d22376c1c4ff,222,crlf,0,b56c0b288e24fee769bff95bfe12abbd66327b9cdb9586a850f86f747be0f352
scored/scored_tweeteval.csv,f3b096f415bfb7ae9da3ba3cd300282e9716a9d4e773741fbc80d698dde5ada4,20341192,20341192,raw,1,0,f3b096f415bfb7ae9da3ba3cd300282e9716a9d4e773741fbc80d698dde5ada4,20281292,crlf,0,51ff465570d5753f1413645560edb85a7a2ce018b7d6ab3ce8b052da5c7394de
scored/scored_tweeteval.done,820b7286d8e8a83571cd24e57e89cc0463ad14f790f062bded18f5f80afa5995,228,228,raw,1,0,820b7286d8e8a83571cd24e57e89cc0463ad14f790f062bded18f5f80afa5995,220,crlf,0,6220d2d2cc18656c7dbf98495ab3508aa5325d97118df8934bef53d8d0128395
scripts/01_bootstrap_and_forensics.py,0d53490d0ac699b20b9132406974736120963ecbea72a359f1845d578a5dd485,57212,57212,raw,0,0,0d53490d0ac699b20b9132406974736120963ecbea72a359f1845d578a5dd485,57212,raw,0,0d53490d0ac699b20b9132406974736120963ecbea72a359f1845d578a5dd485
scripts/02_baseline_environment.py,8a15c7dbcd7509cca9e5fb36d70f8b9b45b248a613c83d42b9c0c1d470f7c0b6,71241,71241,raw,0,0,8a15c7dbcd7509cca9e5fb36d70f8b9b45b248a613c83d42b9c0c1d470f7c0b6,71241,raw,0,8a15c7dbcd7509cca9e5fb36d70f8b9b45b248a613c83d42b9c0c1d470f7c0b6
scripts/03_dataset_rebuild.py,2ad0c4f39ecf09f0a17b36432e9e7669dd1fa22d81e0f31ef648844ebd53aa7d,61136,61136,raw,0,0,2ad0c4f39ecf09f0a17b36432e9e7669dd1fa22d81e0f31ef648844ebd53aa7d,61136,raw,0,2ad0c4f39ecf09f0a17b36432e9e7669dd1fa22d81e0f31ef648844ebd53aa7d
scripts/04_core_rebuild.py,8ddb949c6d842a860536080a8c4bd65cdb2562b688257b0d90bef366f83ca3ef,52063,52063,raw,0,0,8ddb949c6d842a860536080a8c4bd65cdb2562b688257b0d90bef366f83ca3ef,52063,raw,0,8ddb949c6d842a860536080a8c4bd65cdb2562b688257b0d90bef366f83ca3ef
scripts/05_full_run.py,3ca925000fa632eb586fc4c983a43e1f03c2ebfb5ceaa8ea6ad68899c93faf4b,25015,25015,raw,0,0,3ca925000fa632eb586fc4c983a43e1f03c2ebfb5ceaa8ea6ad68899c93faf4b,25015,raw,0,3ca925000fa632eb586fc4c983a43e1f03c2ebfb5ceaa8ea6ad68899c93faf4b
scripts/06_statistics.py,acafa9e99b5cd7b52e4221ec48845f8a09ea75c0592e93a2b52d9160a528dbe9,84906,84906,raw,0,0,acafa9e99b5cd7b52e4221ec48845f8a09ea75c0592e93a2b52d9160a528dbe9,84906,raw,0,acafa9e99b5cd7b52e4221ec48845f8a09ea75c0592e93a2b52d9160a528dbe9
scripts/07_manuscript_assets.py,a13236c119af378872bbff699cf3692bbf86302f61a3b8285c9155f410f1775b,26455,26455,raw,0,0,a13236c119af378872bbff699cf3692bbf86302f61a3b8285c9155f410f1775b,26455,raw,0,a13236c119af378872bbff699cf3692bbf86302f61a3b8285c9155f410f1775b
scripts/08_audit_reconciliation.py,a6d07633898a7f13d0069474ad3fb2c350ffe047aee3f8c66d5cf58bfb27d012,28004,28004,raw,0,0,a6d07633898a7f13d0069474ad3fb2c350ffe047aee3f8c66d5cf58bfb27d012,28004,raw,0,a6d07633898a7f13d0069474ad3fb2c350ffe047aee3f8c66d5cf58bfb27d012
scripts/09_release_assembly.py,e2bc9d09141e4ac81498aa424c5b4f577b2b985c82fa151a8d25146543b0a66b,21094,21094,raw,0,0,e2bc9d09141e4ac81498aa424c5b4f577b2b985c82fa151a8d25146543b0a66b,21094,raw,0,e2bc9d09141e4ac81498aa424c5b4f577b2b985c82fa151a8d25146543b0a66b
scripts/annotate.py,cee01b04398345b95c3a0c2a9ca943a47a87d5a54157b2c6c385329036439551,37231,37231,raw,0,0,cee01b04398345b95c3a0c2a9ca943a47a87d5a54157b2c6c385329036439551,37231,raw,0,cee01b04398345b95c3a0c2a9ca943a47a87d5a54157b2c6c385329036439551
scripts/check_state.py,1a77f4e01597a586cc74ef1acc39387b6f733080b1c4c7997716c2b142a415fb,8271,8271,raw,0,0,1a77f4e01597a586cc74ef1acc39387b6f733080b1c4c7997716c2b142a415fb,8271,raw,0,1a77f4e01597a586cc74ef1acc39387b6f733080b1c4c7997716c2b142a415fb
scripts/offline_annotation.py,34073f3d956aeb168b60298ec91709d4dae82f1d02020a14f633a10eb7e2aede,29011,29011,raw,0,0,34073f3d956aeb168b60298ec91709d4dae82f1d02020a14f633a10eb7e2aede,29011,raw,0,34073f3d956aeb168b60298ec91709d4dae82f1d02020a14f633a10eb7e2aede
src/plef_baselines.py,a3d095ff5e426273882fbeca30cca05ba0a4281e0aa23349837b8a0845d30e54,14835,14835,raw,1,0,a3d095ff5e426273882fbeca30cca05ba0a4281e0aa23349837b8a0845d30e54,14460,crlf,0,9de06775c61c82de044ec2cb9b58824f5ad50c3a71148364e56d634548b162d8
src/plef_core.py,e0dd29f192cad4dfb5e54df84c19a8adb5903fd9487e7b97f880eb2f76313c1a,24659,24659,raw,1,0,e0dd29f192cad4dfb5e54df84c19a8adb5903fd9487e7b97f880eb2f76313c1a,24038,crlf,0,0af4a6cd9c42101730a1bcd2499aa4961e11bf3dd72fdb9241a6b3cb00370c2c
src/plef_lexicons.json,18294c6727f66003df67c0c01ab9e66073dca34d3c60541878c35ba84825165c,47071,47071,raw,1,0,18294c6727f66003df67c0c01ab9e66073dca34d3c60541878c35ba84825165c,43719,crlf,0,55d3ff318253ae61c4900862aabe97aff9aa3c7867e5e0e70727ed006f31cf2b
src/plef_purity.py,832710940dc82741588f6ad941704930cf93c4a8c2a422be805629f245ee5bf9,3384,3384,raw,1,0,832710940dc82741588f6ad941704930cf93c4a8c2a422be805629f245ee5bf9,3295,crlf,0,3f5bc6c46e05f70a742033a7e7a1f03696ec2f67170ba6da9db84919f4de7fbd
tables/abstention.csv,a761ab15ecfd05b23b2aca6e68c04e62f614ee797b18e8f9e09de0f89448910b,325,325,raw,1,0,a761ab15ecfd05b23b2aca6e68c04e62f614ee797b18e8f9e09de0f89448910b,319,crlf,0,f30cd6fe445c235f4c77c141d0863a32c790ac22cea800d14ba94f1c0372102c
tables/abstention_binary.csv,64cfbcc0fcb82e1f16c431c9c6924fe182c03e0fdb2c5233c48e0ee9f210279f,166,166,raw,1,0,64cfbcc0fcb82e1f16c431c9c6924fe182c03e0fdb2c5233c48e0ee9f210279f,163,crlf,0,8277507b9fef949a930009fc5ab5de308d5dcb79cf41ac6f78d67f4374fa745e
tables/all_results.json,94bb4eaf1e94822d03c6ea2ff4435911b9138c983ef2fccae36b083d3bf8c323,75319,75319,raw,1,0,94bb4eaf1e94822d03c6ea2ff4435911b9138c983ef2fccae36b083d3bf8c323,71945,crlf,0,9bacad48cc02163fd81d9a460df9b32973a074f3838ce7beda7904f498a6f9de
tables/arc_window_sensitivity.csv,ccef459c8ede99d053367b1d0126c5aaa2fae9f2797b3f4641efcfd7cd1f690d,319,319,raw,1,0,ccef459c8ede99d053367b1d0126c5aaa2fae9f2797b3f4641efcfd7cd1f690d,315,crlf,0,3a239c6cd15aeeb2efd347e90b5010d011fbde5d35db1b475f42fb38ba8fd7e5
tables/auc.csv,dea1219957340793ed4246c385b1100f8af9bce01f8734e9f0ce7b744556694d,627,627,raw,1,0,dea1219957340793ed4246c385b1100f8af9bce01f8734e9f0ce7b744556694d,619,crlf,0,f3f97dd4703cbb3230d1f8f5f53f5f104a9eb1175e38c4d17f2ab4c5848b2463
tables/audit_annotation.csv,48e57ab7d8e504005fc43350430723387b7f89895f3a7a973086186052c53f80,201,201,raw,1,0,48e57ab7d8e504005fc43350430723387b7f89895f3a7a973086186052c53f80,190,crlf,0,63452e215c8c35a12e8f09363dc678a29dc6a39182ecc2a80b654b76ed898b1d
tables/audit_archetype.csv,43e53e3d6b24c2fc368ef0fc33215184569980c8abdaaed1f1a0528315b4efd2,764,764,raw,1,0,43e53e3d6b24c2fc368ef0fc33215184569980c8abdaaed1f1a0528315b4efd2,754,crlf,0,217402199c65b6da5516f3a0bc576816eeae7c3204044867de47d97361a2066b
tables/audit_bands.csv,6425924218959cb026e874808f62b1e022823f2d97a1db0f63e6e29841b55b8c,164,164,raw,1,0,6425924218959cb026e874808f62b1e022823f2d97a1db0f63e6e29841b55b8c,156,crlf,0,5e3025aa7ee9cd81f273bb5fe4560161ad1d4638748470b8e053ea67ae9b3d58
tables/audit_benchmarks.csv,68b19d569fdea5afdfc36a9264bd68d31a5a99e3fa919255cfac7ea8fae65e84,257,257,raw,1,0,68b19d569fdea5afdfc36a9264bd68d31a5a99e3fa919255cfac7ea8fae65e84,251,crlf,0,790d70b18a99b22f6f87a49dd638c1b9e3d3f9515751b0cd370bf8fe5b555834
tables/audit_datasets.csv,09b5e0b9e2b39f73a3a11d076bf5c9e6d6aba801ffffaeadfd0691010a576f5c,362,362,raw,1,0,09b5e0b9e2b39f73a3a11d076bf5c9e6d6aba801ffffaeadfd0691010a576f5c,353,crlf,0,2d5761b4390d4f28df3ec3276a216817d3831bc7ba508ddcedbdff9968a8a80a
tables/audit_throughput.csv,846f502a3eba36748b2977504a3ae326a9fbceae767b08f60ad371cc0c0a11c0,305,305,raw,1,0,846f502a3eba36748b2977504a3ae326a9fbceae767b08f60ad371cc0c0a11c0,295,crlf,0,70d70777a0e6f619183805ea34011420d94974576e8b4e6ef4dcfae872fde570
tables/chance_per_post.csv,50dd020cfdd581068ab033a620aa0cb2ed06b0434586a51fe1942e3241e18477,1080,1080,raw,1,0,50dd020cfdd581068ab033a620aa0cb2ed06b0434586a51fe1942e3241e18477,1060,crlf,0,cd8fb2ea72c2ac4d3c5ae765802acc8f22ff10c8484ea4108ff5f74320b5f3b0
tables/correlations.csv,27192745800f40830f3885eb2fd08d796e005626b036773746e8de77fb3c55a0,507,507,raw,1,0,27192745800f40830f3885eb2fd08d796e005626b036773746e8de77fb3c55a0,498,crlf,0,be8071067ad2adcdba4467512fa48567560319fdddd3ebe2ae9bfe777d2b2dbe
tables/coverage.csv,f07f186e7fb801a7a194eaf0c243c95ba7a7cf8a95230d17dd89dbf7b6e046f8,784,784,raw,1,0,f07f186e7fb801a7a194eaf0c243c95ba7a7cf8a95230d17dd89dbf7b6e046f8,774,crlf,0,a51d1828ec27f23651315d2ea8cd08e08d405d7ff4e0daf556bf2a12cd1310d6
tables/descriptive.csv,eeecb905d0283bdca52577a681b92a6400df7776b2be829bbb81b26f09d3a707,6785,6785,raw,1,0,eeecb905d0283bdca52577a681b92a6400df7776b2be829bbb81b26f09d3a707,6676,crlf,0,4adb5d016ac6b35fe1fc137ed1663fa1ec353a042cf44406dfcd13e7a7224ae2
tables/domain_split.csv,712d2f347b3984afc4ab5f5e8a8091bfb6180552e969b8025974c2186457d1a5,645,645,raw,1,0,712d2f347b3984afc4ab5f5e8a8091bfb6180552e969b8025974c2186457d1a5,630,crlf,0,d53819149d477dd04b1943fa7b7a42411c873799ff3cdb3d9d3857d529eef4a3
tables/effect_sizes.csv,30ac0dc3ecfb427bb3f14a4296825a594689fc7abc801ea3dc9728c0d0002e6d,719,719,raw,1,0,30ac0dc3ecfb427bb3f14a4296825a594689fc7abc801ea3dc9728c0d0002e6d,711,crlf,0,1d5cee25f91ae72422b5597487a6033ac01e57e895875af1a061f281f3380c56
tables/gase_ablation.csv,06ff0e7b847834d622a9f87a0065c48c57aaf38a6fc224e42d321cb5a868a64c,1039,1039,raw,1,0,06ff0e7b847834d622a9f87a0065c48c57aaf38a6fc224e42d321cb5a868a64c,1029,crlf,0,47637bfc942927419c0bb2c6c220de907d1b2f6c5f529e6706c2159036d5b008
tables/human_criterion.csv,abedeff24e34fa2d1947531ceda8863d6f453418feae0c59fd922a66d93acf25,462,462,raw,1,0,abedeff24e34fa2d1947531ceda8863d6f453418feae0c59fd922a66d93acf25,460,crlf,0,07ba0a7c4101e2094a4cb13f3174b07374800b0e844d0db340dceaa78319d112
tables/human_label_f1.csv,86b667a3c431c7b970585c701d67d90001313514a4beaf88f25347c3390d438f,119,119,raw,1,0,86b667a3c431c7b970585c701d67d90001313514a4beaf88f25347c3390d438f,112,crlf,0,a52b0bc16f216583f7f2040899144f1d19f17ec6c2c7d26bfd21d9af0e4edbcc
tables/length_threshold.csv,a9db6850e3d341f3a98f8ab389180a818666ce02a9a6ff3692b5e2c330998993,364,364,raw,1,0,a9db6850e3d341f3a98f8ab389180a818666ce02a9a6ff3692b5e2c330998993,354,crlf,0,431c9722d330e77a085e5dce7a70a202101ed40e7ea92f8c679919f86ec3cd49
tables/mcnemar.csv,ec9dd4eed51078efdf556252add3cac1be4eb3eed6c9755d2f6b24f2ec2361ed,1623,1623,raw,1,0,ec9dd4eed51078efdf556252add3cac1be4eb3eed6c9755d2f6b24f2ec2361ed,1592,crlf,0,e9dcf33da51e7f505e2b76cd8c66dec3007c29020a18a2bc590900c5122f5aa5
tables/moderators.csv,d1c45b2b4f41e646a0277006f00fbe2595ae629a3f8544db69998c03de9b358a,447,447,raw,1,0,d1c45b2b4f41e646a0277006f00fbe2595ae629a3f8544db69998c03de9b358a,440,crlf,0,593b2d554cd36faae56974455f8d8dffa29b34a596774485870bebd3f30d3093
tables/null_draws.csv,3c16453646f0a55f4a7b3bcd629ea6d996c96eb2acf992a747b1cf940897dcb9,31973,31973,raw,1,0,3c16453646f0a55f4a7b3bcd629ea6d996c96eb2acf992a747b1cf940897dcb9,30972,crlf,0,e915b437ecb3e452df3b920d495dfe9dfd5cfab751d80e5d926a16897e89afd8
tables/null_draws_parallel.csv,178fe856e5982b5868bb6998e1b50f2d2ded3e05a38179cd18cd4f0c9078aa57,328974,328974,raw,1,0,178fe856e5982b5868bb6998e1b50f2d2ded3e05a38179cd18cd4f0c9078aa57,318973,crlf,0,dd751348b208e3c1fcf52bae979b5068b1c65d03810db7bd5f419cce2fbdcf72
tables/rasp_distribution.csv,08c6ce5e7b1403017c8fd02579ec285e14d7b3b239c2d06db0b000c743a55531,1630,1630,raw,1,0,08c6ce5e7b1403017c8fd02579ec285e14d7b3b239c2d06db0b000c743a55531,1620,crlf,0,036d0f7266ea823733de1b9bfe5c082b3d592c415f4e4544396199802dc7949a
tables/response_space.csv,8795970b21f062343bfbf799e405a4eea7e31d867e415266634b4c2ea465893e,561,561,raw,1,0,8795970b21f062343bfbf799e405a4eea7e31d867e415266634b4c2ea465893e,553,crlf,0,3e4ed5d660b2b6854b5d15964157cc52130bb35b361ef552319799ea58549280
tables/scoreboard.csv,91746270503dc0d5f3667c22f41329964e4556652dd100f008bb0fea188fc1ba,717,717,raw,1,0,91746270503dc0d5f3667c22f41329964e4556652dd100f008bb0fea188fc1ba,708,crlf,0,0b05a55bacb8c8062b30281acd050a7586844849f2a224cf9c4267027b01f1b7
tables/threshold_sweep.csv,f139f6906ed89c2ba28e4857aecf0210bb1302e7c22f2eab58e1e384fd4fea35,2325,2325,raw,1,0,f139f6906ed89c2ba28e4857aecf0210bb1302e7c22f2eab58e1e384fd4fea35,2289,crlf,0,f6b35b66b2c118cf648b6e1351f6482129015ba1e568bcb1693f294ab3d84963
tables/trivial_baselines.csv,e68edcda30f929f8576280ff3697af3cdba395b78242777b1b887b911f12715a,379,379,raw,1,0,e68edcda30f929f8576280ff3697af3cdba395b78242777b1b887b911f12715a,373,crlf,0,47fde8ebb72728360bfd551154c21eac2ddc81d98ef897d3d42d50d8a10aa748
scripts/10_null_analysis.py,e39da35d6b06d64fef6a6c81639029dfdd03793557f8745c40606be80ff4d93f,33180,33180,raw,0,0,e39da35d6b06d64fef6a6c81639029dfdd03793557f8745c40606be80ff4d93f,33180,raw,0,e39da35d6b06d64fef6a6c81639029dfdd03793557f8745c40606be80ff4d93f
scripts/11_response_space.py,4dbc419d12be89feefc40d929b0ce51b6a22ec0498312f966103466308f6bce4,15391,15391,raw,0,0,4dbc419d12be89feefc40d929b0ce51b6a22ec0498312f966103466308f6bce4,15391,raw,0,4dbc419d12be89feefc40d929b0ce51b6a22ec0498312f966103466308f6bce4
scripts/12_equation_audit.py,a18b24bc046e9da9e9ea9d4ed1c90657b9d2c5e88648646bff76d62de98b381e,9417,9417,raw,0,0,a18b24bc046e9da9e9ea9d4ed1c90657b9d2c5e88648646bff76d62de98b381e,9417,raw,0,a18b24bc046e9da9e9ea9d4ed1c90657b9d2c5e88648646bff76d62de98b381e
scripts/13_arc_window_sensitivity.py,0ab861c29dbd86ff9b7dbc3c479e1962925349516e19ed8f01d33a8fb142381b,10280,10280,raw,0,0,0ab861c29dbd86ff9b7dbc3c479e1962925349516e19ed8f01d33a8fb142381b,10280,raw,0,0ab861c29dbd86ff9b7dbc3c479e1962925349516e19ed8f01d33a8fb142381b
scripts/14_parallel_null.py,aafb42545473c43f984606ec166ba4d9c7346efc93f2d2f68863f88551ab47fc,28511,28511,raw,0,0,aafb42545473c43f984606ec166ba4d9c7346efc93f2d2f68863f88551ab47fc,28511,raw,0,aafb42545473c43f984606ec166ba4d9c7346efc93f2d2f68863f88551ab47fc
