block,source,subreddit,n,id,evidence
script_queries,reddit_download.py,relationship_advice,,,pre-revision:reddit_download.py; id written as bare Reddit post id
script_queries,extended_reddit_download.py,relationships,,,pre-revision:extended_reddit_download.py; id written as '{name}_{post_id}'
script_queries,extended_reddit_download.py,relationship_advice,,,pre-revision:extended_reddit_download.py; id written as '{name}_{post_id}'
script_queries,extended_reddit_download.py,BreakUps,,,pre-revision:extended_reddit_download.py; id written as '{name}_{post_id}'
script_queries,extended_reddit_download.py,survivinginfidelity,,,pre-revision:extended_reddit_download.py; id written as '{name}_{post_id}'
script_queries,extended_reddit_download.py,heartbreak,,,pre-revision:extended_reddit_download.py; id written as '{name}_{post_id}'
script_queries,extended_reddit_download.py,confession,,,pre-revision:extended_reddit_download.py; id written as '{name}_{post_id}'
script_queries,extended_reddit_download.py,emotionalsupport,,,pre-revision:extended_reddit_download.py; id written as '{name}_{post_id}'
script_queries,extended_reddit_download.py,NarcissisticAbuse,,,pre-revision:extended_reddit_download.py; id written as '{name}_{post_id}'
corpus_prefix,evaluation,(no prefix),171,,id prefix
corpus_prefix,evaluation,BreakUps,172,,id prefix
corpus_prefix,evaluation,confession,127,,id prefix
corpus_prefix,evaluation,emotionalsupport,128,,id prefix
corpus_prefix,evaluation,heartbreak,16,,id prefix
corpus_prefix,evaluation,relationship_advice,261,,id prefix
corpus_prefix,evaluation,relationships,263,,id prefix
corpus_prefix,evaluation,survivinginfidelity,170,,id prefix
corpus_prefix,annotation_development,(no prefix),21,,id prefix
corpus_prefix,annotation_development,BreakUps,28,,id prefix
corpus_prefix,annotation_development,confession,22,,id prefix
corpus_prefix,annotation_development,emotionalsupport,22,,id prefix
corpus_prefix,annotation_development,heartbreak,1,,id prefix
corpus_prefix,annotation_development,relationship_advice,39,,id prefix
corpus_prefix,annotation_development,relationships,37,,id prefix
corpus_prefix,annotation_development,survivinginfidelity,30,,id prefix
unprefixed_summary,evaluation,relationship_advice (by script setting only),171,,only in reddit_download.py outputs
unprefixed_summary,evaluation,(no evidence),0,,
unprefixed_summary,annotation_development,relationship_advice (by script setting only),21,,only in reddit_download.py outputs
unprefixed_summary,annotation_development,(no evidence),0,,
unprefixed_attribution,evaluation,relationship_advice (by script setting only),,14ece6v,"only in reddit_download.py outputs (reddit_raw.json / reddit_posts); subreddit is the script's constant, not recorded per post"
unprefixed_attribution,evaluation,relationship_advice (by script setting only),,14ge64t,"only in reddit_download.py outputs (reddit_raw.json / reddit_posts); subreddit is the script's constant, not recorded per post"
unprefixed_attribution,evaluation,relationship_advice (by script setting only),,15pjpj3,"only in reddit_download.py outputs (reddit_raw.json / reddit_posts); subreddit is the script's constant, not recorded per post"
unprefixed_attribution,evaluation,relationship_advice (by script setting only),,1dw3fk0,"only in reddit_download.py outputs (reddit_raw.json / reddit_posts); subreddit is the script's constant, not recorded per post"
unprefixed_attribution,evaluation,relationship_advice (by script setting only),,1eenoqy,"only in reddit_download.py outputs (reddit_raw.json / reddit_posts); subreddit is the script's constant, not recorded per post"
unprefixed_attribution,evaluation,relationship_advice (by script setting only),,1g88vhh,"only in reddit_download.py outputs (reddit_raw.json / reddit_posts); subreddit is the script's constant, not recorded per post"
unprefixed_attribution,evaluation,relationship_advice (by script setting only),,1gt6lli,"only in reddit_download.py outputs (reddit_raw.json / reddit_posts); subreddit is the script's constant, not recorded per post"
unprefixed_attribution,evaluation,relationship_advice (by script setting only),,1obsrui,"only in reddit_download.py outputs (reddit_raw.json / reddit_posts); subreddit is the script's constant, not recorded per post"
unprefixed_attribution,evaluation,relationship_advice (by script setting only),,9sl5wd,"only in reddit_download.py outputs (reddit_raw.json / reddit_posts); subreddit is the script's constant, not recorded per post"
unprefixed_attribution,evaluation,relationship_advice (by script setting only),,9u4emi,"only in reddit_download.py outputs (reddit_raw.json / reddit_posts); subreddit is the script's constant, not recorded per post"
unprefixed_attribution,evaluation,relationship_advice (by script setting only),,9ysvo6,"only in reddit_download.py outputs (reddit_raw.json / reddit_posts); subreddit is the script's constant, not recorded per post"
unprefixed_attribution,evaluation,relationship_advice (by script setting only),,a0br04,"only in reddit_download.py outputs (reddit_raw.json / reddit_posts); subreddit is the script's constant, not recorded per post"
unprefixed_attribution,evaluation,relationship_advice (by script setting only),,a1x7uk,"only in reddit_download.py outputs (reddit_raw.json / reddit_posts); subreddit is the script's constant, not recorded per post"
unprefixed_attribution,evaluation,relationship_advice (by script setting only),,a7idgp,"only in reddit_download.py outputs (reddit_raw.json / reddit_posts); subreddit is the script's constant, not recorded per post"
unprefixed_attribution,evaluation,relationship_advice (by script setting only),,a9pkm2,"only in reddit_download.py outputs (reddit_raw.json / reddit_posts); subreddit is the script's constant, not recorded per post"
unprefixed_attribution,evaluation,relationship_advice (by script setting only),,abtm2z,"only in reddit_download.py outputs (reddit_raw.json / reddit_posts); subreddit is the script's constant, not recorded per post"
unprefixed_attribution,evaluation,relationship_advice (by script setting only),,adkg4u,"only in reddit_download.py outputs (reddit_raw.json / reddit_posts); subreddit is the script's constant, not recorded per post"
unprefixed_attribution,evaluation,relationship_advice (by script setting only),,aijhzx,"only in reddit_download.py outputs (reddit_raw.json / reddit_posts); subreddit is the script's constant, not recorded per post"
unprefixed_attribution,evaluation,relationship_advice (by script setting only),,ajmn30,"only in reddit_download.py outputs (reddit_raw.json / reddit_posts); subreddit is the script's constant, not recorded per post"
unprefixed_attribution,evaluation,relationship_advice (by script setting only),,alro8i,"only in reddit_download.py outputs (reddit_raw.json / reddit_posts); subreddit is the script's constant, not recorded per post"
unprefixed_attribution,evaluation,relationship_advice (by script setting only),,ap2441,"only in reddit_download.py outputs (reddit_raw.json / reddit_posts); subreddit is the script's constant, not recorded per post"
unprefixed_attribution,evaluation,relationship_advice (by script setting only),,apr24a,"only in reddit_download.py outputs (reddit_raw.json / reddit_posts); subreddit is the script's constant, not recorded per post"
unprefixed_attribution,evaluation,relationship_advice (by script setting only),,asdwxx,"only in reddit_download.py outputs (reddit_raw.json / reddit_posts); subreddit is the script's constant, not recorded per post"
unprefixed_attribution,evaluation,relationship_advice (by script setting only),,av79bp,"only in reddit_download.py outputs (reddit_raw.json / reddit_posts); subreddit is the script's constant, not recorded per post"
unprefixed_attribution,evaluation,relationship_advice (by script setting only),,awkz8n,"only in reddit_download.py outputs (reddit_raw.json / reddit_posts); subreddit is the script's constant, not recorded per post"
unprefixed_attribution,evaluation,relationship_advice (by script setting only),,b2dt6r,"only in reddit_download.py outputs (reddit_raw.json / reddit_posts); subreddit is the script's constant, not recorded per post"
unprefixed_attribution,evaluation,relationship_advice (by script setting only),,b5a8w4,"only in reddit_download.py outputs (reddit_raw.json / reddit_posts); subreddit is the script's constant, not recorded per post"
unprefixed_attribution,evaluation,relationship_advice (by script setting only),,b5mysn,"only in reddit_download.py outputs (reddit_raw.json / reddit_posts); subreddit is the script's constant, not recorded per post"
unprefixed_attribution,evaluation,relationship_advice (by script setting only),,b800pl,"only in reddit_download.py outputs (reddit_raw.json / reddit_posts); subreddit is the script's constant, not recorded per post"
unprefixed_attribution,evaluation,relationship_advice (by script setting only),,b9vxn3,"only in reddit_download.py outputs (reddit_raw.json / reddit_posts); subreddit is the script's constant, not recorded per post"
unprefixed_attribution,evaluation,relationship_advice (by script setting only),,bal41x,"only in reddit_download.py outputs (reddit_raw.json / reddit_posts); subreddit is the script's constant, not recorded per post"
unprefixed_attribution,evaluation,relationship_advice (by script setting only),,bbm8hz,"only in reddit_download.py outputs (reddit_raw.json / reddit_posts); subreddit is the script's constant, not recorded per post"
unprefixed_attribution,evaluation,relationship_advice (by script setting only),,bc9lvj,"only in reddit_download.py outputs (reddit_raw.json / reddit_posts); subreddit is the script's constant, not recorded per post"
unprefixed_attribution,evaluation,relationship_advice (by script setting only),,bch7qp,"only in reddit_download.py outputs (reddit_raw.json / reddit_posts); subreddit is the script's constant, not recorded per post"
unprefixed_attribution,evaluation,relationship_advice (by script setting only),,bd9kir,"only in reddit_download.py outputs (reddit_raw.json / reddit_posts); subreddit is the script's constant, not recorded per post"
unprefixed_attribution,evaluation,relationship_advice (by script setting only),,bfzwek,"only in reddit_download.py outputs (reddit_raw.json / reddit_posts); subreddit is the script's constant, not recorded per post"
unprefixed_attribution,evaluation,relationship_advice (by script setting only),,bgl4mn,"only in reddit_download.py outputs (reddit_raw.json / reddit_posts); subreddit is the script's constant, not recorded per post"
unprefixed_attribution,evaluation,relationship_advice (by script setting only),,bgzhox,"only in reddit_download.py outputs (reddit_raw.json / reddit_posts); subreddit is the script's constant, not recorded per post"
unprefixed_attribution,evaluation,relationship_advice (by script setting only),,bkyrmb,"only in reddit_download.py outputs (reddit_raw.json / reddit_posts); subreddit is the script's constant, not recorded per post"
unprefixed_attribution,evaluation,relationship_advice (by script setting only),,bl31eh,"only in reddit_download.py outputs (reddit_raw.json / reddit_posts); subreddit is the script's constant, not recorded per post"
unprefixed_attribution,evaluation,relationship_advice (by script setting only),,bmgf4t,"only in reddit_download.py outputs (reddit_raw.json / reddit_posts); subreddit is the script's constant, not recorded per post"
unprefixed_attribution,evaluation,relationship_advice (by script setting only),,bn1zq2,"only in reddit_download.py outputs (reddit_raw.json / reddit_posts); subreddit is the script's constant, not recorded per post"
unprefixed_attribution,evaluation,relationship_advice (by script setting only),,bnrv9w,"only in reddit_download.py outputs (reddit_raw.json / reddit_posts); subreddit is the script's constant, not recorded per post"
unprefixed_attribution,evaluation,relationship_advice (by script setting only),,boai5u,"only in reddit_download.py outputs (reddit_raw.json / reddit_posts); subreddit is the script's constant, not recorded per post"
unprefixed_attribution,evaluation,relationship_advice (by script setting only),,bosguk,"only in reddit_download.py outputs (reddit_raw.json / reddit_posts); subreddit is the script's constant, not recorded per post"
unprefixed_attribution,evaluation,relationship_advice (by script setting only),,boy83i,"only in reddit_download.py outputs (reddit_raw.json / reddit_posts); subreddit is the script's constant, not recorded per post"
unprefixed_attribution,evaluation,relationship_advice (by script setting only),,btdnq2,"only in reddit_download.py outputs (reddit_raw.json / reddit_posts); subreddit is the script's constant, not recorded per post"
unprefixed_attribution,evaluation,relationship_advice (by script setting only),,bwmfm2,"only in reddit_download.py outputs (reddit_raw.json / reddit_posts); subreddit is the script's constant, not recorded per post"
unprefixed_attribution,evaluation,relationship_advice (by script setting only),,bz7l6z,"only in reddit_download.py outputs (reddit_raw.json / reddit_posts); subreddit is the script's constant, not recorded per post"
unprefixed_attribution,evaluation,relationship_advice (by script setting only),,c82g4x,"only in reddit_download.py outputs (reddit_raw.json / reddit_posts); subreddit is the script's constant, not recorded per post"
unprefixed_attribution,evaluation,relationship_advice (by script setting only),,calfeu,"only in reddit_download.py outputs (reddit_raw.json / reddit_posts); subreddit is the script's constant, not recorded per post"
unprefixed_attribution,evaluation,relationship_advice (by script setting only),,cbtqgv,"only in reddit_download.py outputs (reddit_raw.json / reddit_posts); subreddit is the script's constant, not recorded per post"
unprefixed_attribution,evaluation,relationship_advice (by script setting only),,cdf4xr,"only in reddit_download.py outputs (reddit_raw.json / reddit_posts); subreddit is the script's constant, not recorded per post"
unprefixed_attribution,evaluation,relationship_advice (by script setting only),,cdufmj,"only in reddit_download.py outputs (reddit_raw.json / reddit_posts); subreddit is the script's constant, not recorded per post"
unprefixed_attribution,evaluation,relationship_advice (by script setting only),,cejrfl,"only in reddit_download.py outputs (reddit_raw.json / reddit_posts); subreddit is the script's constant, not recorded per post"
unprefixed_attribution,evaluation,relationship_advice (by script setting only),,cg0d5l,"only in reddit_download.py outputs (reddit_raw.json / reddit_posts); subreddit is the script's constant, not recorded per post"
unprefixed_attribution,evaluation,relationship_advice (by script setting only),,cgcwwy,"only in reddit_download.py outputs (reddit_raw.json / reddit_posts); subreddit is the script's constant, not recorded per post"
unprefixed_attribution,evaluation,relationship_advice (by script setting only),,ci1p3j,"only in reddit_download.py outputs (reddit_raw.json / reddit_posts); subreddit is the script's constant, not recorded per post"
unprefixed_attribution,evaluation,relationship_advice (by script setting only),,citoye,"only in reddit_download.py outputs (reddit_raw.json / reddit_posts); subreddit is the script's constant, not recorded per post"
unprefixed_attribution,evaluation,relationship_advice (by script setting only),,cn10cf,"only in reddit_download.py outputs (reddit_raw.json / reddit_posts); subreddit is the script's constant, not recorded per post"
unprefixed_attribution,evaluation,relationship_advice (by script setting only),,cnaoo0,"only in reddit_download.py outputs (reddit_raw.json / reddit_posts); subreddit is the script's constant, not recorded per post"
unprefixed_attribution,evaluation,relationship_advice (by script setting only),,co8q04,"only in reddit_download.py outputs (reddit_raw.json / reddit_posts); subreddit is the script's constant, not recorded per post"
unprefixed_attribution,evaluation,relationship_advice (by script setting only),,coi6jl,"only in reddit_download.py outputs (reddit_raw.json / reddit_posts); subreddit is the script's constant, not recorded per post"
unprefixed_attribution,evaluation,relationship_advice (by script setting only),,crn3ab,"only in reddit_download.py outputs (reddit_raw.json / reddit_posts); subreddit is the script's constant, not recorded per post"
unprefixed_attribution,evaluation,relationship_advice (by script setting only),,cs3yjm,"only in reddit_download.py outputs (reddit_raw.json / reddit_posts); subreddit is the script's constant, not recorded per post"
unprefixed_attribution,evaluation,relationship_advice (by script setting only),,cten9x,"only in reddit_download.py outputs (reddit_raw.json / reddit_posts); subreddit is the script's constant, not recorded per post"
unprefixed_attribution,evaluation,relationship_advice (by script setting only),,ctspb2,"only in reddit_download.py outputs (reddit_raw.json / reddit_posts); subreddit is the script's constant, not recorded per post"
unprefixed_attribution,evaluation,relationship_advice (by script setting only),,cv4gf8,"only in reddit_download.py outputs (reddit_raw.json / reddit_posts); subreddit is the script's constant, not recorded per post"
unprefixed_attribution,evaluation,relationship_advice (by script setting only),,cv8umo,"only in reddit_download.py outputs (reddit_raw.json / reddit_posts); subreddit is the script's constant, not recorded per post"
unprefixed_attribution,evaluation,relationship_advice (by script setting only),,cvnhto,"only in reddit_download.py outputs (reddit_raw.json / reddit_posts); subreddit is the script's constant, not recorded per post"
unprefixed_attribution,evaluation,relationship_advice (by script setting only),,d5ohzg,"only in reddit_download.py outputs (reddit_raw.json / reddit_posts); subreddit is the script's constant, not recorded per post"
unprefixed_attribution,evaluation,relationship_advice (by script setting only),,d6qhud,"only in reddit_download.py outputs (reddit_raw.json / reddit_posts); subreddit is the script's constant, not recorded per post"
unprefixed_attribution,evaluation,relationship_advice (by script setting only),,dab7hx,"only in reddit_download.py outputs (reddit_raw.json / reddit_posts); subreddit is the script's constant, not recorded per post"
unprefixed_attribution,evaluation,relationship_advice (by script setting only),,db5uub,"only in reddit_download.py outputs (reddit_raw.json / reddit_posts); subreddit is the script's constant, not recorded per post"
unprefixed_attribution,evaluation,relationship_advice (by script setting only),,dcskoo,"only in reddit_download.py outputs (reddit_raw.json / reddit_posts); subreddit is the script's constant, not recorded per post"
unprefixed_attribution,evaluation,relationship_advice (by script setting only),,dcz74v,"only in reddit_download.py outputs (reddit_raw.json / reddit_posts); subreddit is the script's constant, not recorded per post"
unprefixed_attribution,evaluation,relationship_advice (by script setting only),,dk8wih,"only in reddit_download.py outputs (reddit_raw.json / reddit_posts); subreddit is the script's constant, not recorded per post"
unprefixed_attribution,evaluation,relationship_advice (by script setting only),,dkpxfk,"only in reddit_download.py outputs (reddit_raw.json / reddit_posts); subreddit is the script's constant, not recorded per post"
unprefixed_attribution,evaluation,relationship_advice (by script setting only),,dl02bm,"only in reddit_download.py outputs (reddit_raw.json / reddit_posts); subreddit is the script's constant, not recorded per post"
unprefixed_attribution,evaluation,relationship_advice (by script setting only),,dlnu8d,"only in reddit_download.py outputs (reddit_raw.json / reddit_posts); subreddit is the script's constant, not recorded per post"
unprefixed_attribution,evaluation,relationship_advice (by script setting only),,dlx8az,"only in reddit_download.py outputs (reddit_raw.json / reddit_posts); subreddit is the script's constant, not recorded per post"
unprefixed_attribution,evaluation,relationship_advice (by script setting only),,dmj00k,"only in reddit_download.py outputs (reddit_raw.json / reddit_posts); subreddit is the script's constant, not recorded per post"
unprefixed_attribution,evaluation,relationship_advice (by script setting only),,dnppxb,"only in reddit_download.py outputs (reddit_raw.json / reddit_posts); subreddit is the script's constant, not recorded per post"
unprefixed_attribution,evaluation,relationship_advice (by script setting only),,dvyqby,"only in reddit_download.py outputs (reddit_raw.json / reddit_posts); subreddit is the script's constant, not recorded per post"
unprefixed_attribution,evaluation,relationship_advice (by script setting only),,dx90b8,"only in reddit_download.py outputs (reddit_raw.json / reddit_posts); subreddit is the script's constant, not recorded per post"
unprefixed_attribution,evaluation,relationship_advice (by script setting only),,dyzusp,"only in reddit_download.py outputs (reddit_raw.json / reddit_posts); subreddit is the script's constant, not recorded per post"
unprefixed_attribution,evaluation,relationship_advice (by script setting only),,dzj2cb,"only in reddit_download.py outputs (reddit_raw.json / reddit_posts); subreddit is the script's constant, not recorded per post"
unprefixed_attribution,evaluation,relationship_advice (by script setting only),,e12ftl,"only in reddit_download.py outputs (reddit_raw.json / reddit_posts); subreddit is the script's constant, not recorded per post"
unprefixed_attribution,evaluation,relationship_advice (by script setting only),,e33cna,"only in reddit_download.py outputs (reddit_raw.json / reddit_posts); subreddit is the script's constant, not recorded per post"
unprefixed_attribution,evaluation,relationship_advice (by script setting only),,e35vj6,"only in reddit_download.py outputs (reddit_raw.json / reddit_posts); subreddit is the script's constant, not recorded per post"
unprefixed_attribution,evaluation,relationship_advice (by script setting only),,e3gf4c,"only in reddit_download.py outputs (reddit_raw.json / reddit_posts); subreddit is the script's constant, not recorded per post"
unprefixed_attribution,evaluation,relationship_advice (by script setting only),,ehlwqh,"only in reddit_download.py outputs (reddit_raw.json / reddit_posts); subreddit is the script's constant, not recorded per post"
unprefixed_attribution,evaluation,relationship_advice (by script setting only),,ej3aq7,"only in reddit_download.py outputs (reddit_raw.json / reddit_posts); subreddit is the script's constant, not recorded per post"
unprefixed_attribution,evaluation,relationship_advice (by script setting only),,ejgbu9,"only in reddit_download.py outputs (reddit_raw.json / reddit_posts); subreddit is the script's constant, not recorded per post"
unprefixed_attribution,evaluation,relationship_advice (by script setting only),,eli2do,"only in reddit_download.py outputs (reddit_raw.json / reddit_posts); subreddit is the script's constant, not recorded per post"
unprefixed_attribution,evaluation,relationship_advice (by script setting only),,eop40o,"only in reddit_download.py outputs (reddit_raw.json / reddit_posts); subreddit is the script's constant, not recorded per post"
unprefixed_attribution,evaluation,relationship_advice (by script setting only),,er6s67,"only in reddit_download.py outputs (reddit_raw.json / reddit_posts); subreddit is the script's constant, not recorded per post"
unprefixed_attribution,evaluation,relationship_advice (by script setting only),,erzvnf,"only in reddit_download.py outputs (reddit_raw.json / reddit_posts); subreddit is the script's constant, not recorded per post"
unprefixed_attribution,evaluation,relationship_advice (by script setting only),,esg96s,"only in reddit_download.py outputs (reddit_raw.json / reddit_posts); subreddit is the script's constant, not recorded per post"
unprefixed_attribution,evaluation,relationship_advice (by script setting only),,ev66yp,"only in reddit_download.py outputs (reddit_raw.json / reddit_posts); subreddit is the script's constant, not recorded per post"
unprefixed_attribution,evaluation,relationship_advice (by script setting only),,evq7u7,"only in reddit_download.py outputs (reddit_raw.json / reddit_posts); subreddit is the script's constant, not recorded per post"
unprefixed_attribution,evaluation,relationship_advice (by script setting only),,ewz3oa,"only in reddit_download.py outputs (reddit_raw.json / reddit_posts); subreddit is the script's constant, not recorded per post"
unprefixed_attribution,evaluation,relationship_advice (by script setting only),,ey0g9k,"only in reddit_download.py outputs (reddit_raw.json / reddit_posts); subreddit is the script's constant, not recorded per post"
unprefixed_attribution,evaluation,relationship_advice (by script setting only),,eyhfvm,"only in reddit_download.py outputs (reddit_raw.json / reddit_posts); subreddit is the script's constant, not recorded per post"
unprefixed_attribution,evaluation,relationship_advice (by script setting only),,f003hj,"only in reddit_download.py outputs (reddit_raw.json / reddit_posts); subreddit is the script's constant, not recorded per post"
unprefixed_attribution,evaluation,relationship_advice (by script setting only),,f1bneb,"only in reddit_download.py outputs (reddit_raw.json / reddit_posts); subreddit is the script's constant, not recorded per post"
unprefixed_attribution,evaluation,relationship_advice (by script setting only),,f3kpyk,"only in reddit_download.py outputs (reddit_raw.json / reddit_posts); subreddit is the script's constant, not recorded per post"
unprefixed_attribution,evaluation,relationship_advice (by script setting only),,f9eykf,"only in reddit_download.py outputs (reddit_raw.json / reddit_posts); subreddit is the script's constant, not recorded per post"
unprefixed_attribution,evaluation,relationship_advice (by script setting only),,fef04y,"only in reddit_download.py outputs (reddit_raw.json / reddit_posts); subreddit is the script's constant, not recorded per post"
unprefixed_attribution,evaluation,relationship_advice (by script setting only),,fftnp5,"only in reddit_download.py outputs (reddit_raw.json / reddit_posts); subreddit is the script's constant, not recorded per post"
unprefixed_attribution,evaluation,relationship_advice (by script setting only),,fk3jts,"only in reddit_download.py outputs (reddit_raw.json / reddit_posts); subreddit is the script's constant, not recorded per post"
unprefixed_attribution,evaluation,relationship_advice (by script setting only),,flnkos,"only in reddit_download.py outputs (reddit_raw.json / reddit_posts); subreddit is the script's constant, not recorded per post"
unprefixed_attribution,evaluation,relationship_advice (by script setting only),,flpnme,"only in reddit_download.py outputs (reddit_raw.json / reddit_posts); subreddit is the script's constant, not recorded per post"
unprefixed_attribution,evaluation,relationship_advice (by script setting only),,fp0vad,"only in reddit_download.py outputs (reddit_raw.json / reddit_posts); subreddit is the script's constant, not recorded per post"
unprefixed_attribution,evaluation,relationship_advice (by script setting only),,fqrzt9,"only in reddit_download.py outputs (reddit_raw.json / reddit_posts); subreddit is the script's constant, not recorded per post"
unprefixed_attribution,evaluation,relationship_advice (by script setting only),,g0flm4,"only in reddit_download.py outputs (reddit_raw.json / reddit_posts); subreddit is the script's constant, not recorded per post"
unprefixed_attribution,evaluation,relationship_advice (by script setting only),,g2fikt,"only in reddit_download.py outputs (reddit_raw.json / reddit_posts); subreddit is the script's constant, not recorded per post"
unprefixed_attribution,evaluation,relationship_advice (by script setting only),,g2ybe5,"only in reddit_download.py outputs (reddit_raw.json / reddit_posts); subreddit is the script's constant, not recorded per post"
unprefixed_attribution,evaluation,relationship_advice (by script setting only),,g6ll28,"only in reddit_download.py outputs (reddit_raw.json / reddit_posts); subreddit is the script's constant, not recorded per post"
unprefixed_attribution,evaluation,relationship_advice (by script setting only),,gaf7wj,"only in reddit_download.py outputs (reddit_raw.json / reddit_posts); subreddit is the script's constant, not recorded per post"
unprefixed_attribution,evaluation,relationship_advice (by script setting only),,gbx8pu,"only in reddit_download.py outputs (reddit_raw.json / reddit_posts); subreddit is the script's constant, not recorded per post"
unprefixed_attribution,evaluation,relationship_advice (by script setting only),,gipjxn,"only in reddit_download.py outputs (reddit_raw.json / reddit_posts); subreddit is the script's constant, not recorded per post"
unprefixed_attribution,evaluation,relationship_advice (by script setting only),,gk0u0e,"only in reddit_download.py outputs (reddit_raw.json / reddit_posts); subreddit is the script's constant, not recorded per post"
unprefixed_attribution,evaluation,relationship_advice (by script setting only),,gmoulm,"only in reddit_download.py outputs (reddit_raw.json / reddit_posts); subreddit is the script's constant, not recorded per post"
unprefixed_attribution,evaluation,relationship_advice (by script setting only),,gmue7l,"only in reddit_download.py outputs (reddit_raw.json / reddit_posts); subreddit is the script's constant, not recorded per post"
unprefixed_attribution,evaluation,relationship_advice (by script setting only),,gnq99t,"only in reddit_download.py outputs (reddit_raw.json / reddit_posts); subreddit is the script's constant, not recorded per post"
unprefixed_attribution,evaluation,relationship_advice (by script setting only),,gt5730,"only in reddit_download.py outputs (reddit_raw.json / reddit_posts); subreddit is the script's constant, not recorded per post"
unprefixed_attribution,evaluation,relationship_advice (by script setting only),,gu9ny7,"only in reddit_download.py outputs (reddit_raw.json / reddit_posts); subreddit is the script's constant, not recorded per post"
unprefixed_attribution,evaluation,relationship_advice (by script setting only),,guqonf,"only in reddit_download.py outputs (reddit_raw.json / reddit_posts); subreddit is the script's constant, not recorded per post"
unprefixed_attribution,evaluation,relationship_advice (by script setting only),,guyvwe,"only in reddit_download.py outputs (reddit_raw.json / reddit_posts); subreddit is the script's constant, not recorded per post"
unprefixed_attribution,evaluation,relationship_advice (by script setting only),,gv88ba,"only in reddit_download.py outputs (reddit_raw.json / reddit_posts); subreddit is the script's constant, not recorded per post"
unprefixed_attribution,evaluation,relationship_advice (by script setting only),,gw6zq4,"only in reddit_download.py outputs (reddit_raw.json / reddit_posts); subreddit is the script's constant, not recorded per post"
unprefixed_attribution,evaluation,relationship_advice (by script setting only),,gxudx8,"only in reddit_download.py outputs (reddit_raw.json / reddit_posts); subreddit is the script's constant, not recorded per post"
unprefixed_attribution,evaluation,relationship_advice (by script setting only),,h899cg,"only in reddit_download.py outputs (reddit_raw.json / reddit_posts); subreddit is the script's constant, not recorded per post"
unprefixed_attribution,evaluation,relationship_advice (by script setting only),,hf3nlc,"only in reddit_download.py outputs (reddit_raw.json / reddit_posts); subreddit is the script's constant, not recorded per post"
unprefixed_attribution,evaluation,relationship_advice (by script setting only),,hi0hxt,"only in reddit_download.py outputs (reddit_raw.json / reddit_posts); subreddit is the script's constant, not recorded per post"
unprefixed_attribution,evaluation,relationship_advice (by script setting only),,hjq4xz,"only in reddit_download.py outputs (reddit_raw.json / reddit_posts); subreddit is the script's constant, not recorded per post"
unprefixed_attribution,evaluation,relationship_advice (by script setting only),,hmw6r6,"only in reddit_download.py outputs (reddit_raw.json / reddit_posts); subreddit is the script's constant, not recorded per post"
unprefixed_attribution,evaluation,relationship_advice (by script setting only),,hnda6b,"only in reddit_download.py outputs (reddit_raw.json / reddit_posts); subreddit is the script's constant, not recorded per post"
unprefixed_attribution,evaluation,relationship_advice (by script setting only),,hoi00p,"only in reddit_download.py outputs (reddit_raw.json / reddit_posts); subreddit is the script's constant, not recorded per post"
unprefixed_attribution,evaluation,relationship_advice (by script setting only),,hq34kx,"only in reddit_download.py outputs (reddit_raw.json / reddit_posts); subreddit is the script's constant, not recorded per post"
unprefixed_attribution,evaluation,relationship_advice (by script setting only),,hqhhan,"only in reddit_download.py outputs (reddit_raw.json / reddit_posts); subreddit is the script's constant, not recorded per post"
unprefixed_attribution,evaluation,relationship_advice (by script setting only),,hrx74p,"only in reddit_download.py outputs (reddit_raw.json / reddit_posts); subreddit is the script's constant, not recorded per post"
unprefixed_attribution,evaluation,relationship_advice (by script setting only),,hx5kha,"only in reddit_download.py outputs (reddit_raw.json / reddit_posts); subreddit is the script's constant, not recorded per post"
unprefixed_attribution,evaluation,relationship_advice (by script setting only),,hxck86,"only in reddit_download.py outputs (reddit_raw.json / reddit_posts); subreddit is the script's constant, not recorded per post"
unprefixed_attribution,evaluation,relationship_advice (by script setting only),,hxyq72,"only in reddit_download.py outputs (reddit_raw.json / reddit_posts); subreddit is the script's constant, not recorded per post"
unprefixed_attribution,evaluation,relationship_advice (by script setting only),,hys47q,"only in reddit_download.py outputs (reddit_raw.json / reddit_posts); subreddit is the script's constant, not recorded per post"
unprefixed_attribution,evaluation,relationship_advice (by script setting only),,hz8rlm,"only in reddit_download.py outputs (reddit_raw.json / reddit_posts); subreddit is the script's constant, not recorded per post"
unprefixed_attribution,evaluation,relationship_advice (by script setting only),,i0vxsh,"only in reddit_download.py outputs (reddit_raw.json / reddit_posts); subreddit is the script's constant, not recorded per post"
unprefixed_attribution,evaluation,relationship_advice (by script setting only),,i2cukp,"only in reddit_download.py outputs (reddit_raw.json / reddit_posts); subreddit is the script's constant, not recorded per post"
unprefixed_attribution,evaluation,relationship_advice (by script setting only),,i32pxe,"only in reddit_download.py outputs (reddit_raw.json / reddit_posts); subreddit is the script's constant, not recorded per post"
unprefixed_attribution,evaluation,relationship_advice (by script setting only),,i44cjm,"only in reddit_download.py outputs (reddit_raw.json / reddit_posts); subreddit is the script's constant, not recorded per post"
unprefixed_attribution,evaluation,relationship_advice (by script setting only),,i54efy,"only in reddit_download.py outputs (reddit_raw.json / reddit_posts); subreddit is the script's constant, not recorded per post"
unprefixed_attribution,evaluation,relationship_advice (by script setting only),,i6d429,"only in reddit_download.py outputs (reddit_raw.json / reddit_posts); subreddit is the script's constant, not recorded per post"
unprefixed_attribution,evaluation,relationship_advice (by script setting only),,i7k7vj,"only in reddit_download.py outputs (reddit_raw.json / reddit_posts); subreddit is the script's constant, not recorded per post"
unprefixed_attribution,evaluation,relationship_advice (by script setting only),,icia89,"only in reddit_download.py outputs (reddit_raw.json / reddit_posts); subreddit is the script's constant, not recorded per post"
unprefixed_attribution,evaluation,relationship_advice (by script setting only),,ihz76n,"only in reddit_download.py outputs (reddit_raw.json / reddit_posts); subreddit is the script's constant, not recorded per post"
unprefixed_attribution,evaluation,relationship_advice (by script setting only),,ii4xbu,"only in reddit_download.py outputs (reddit_raw.json / reddit_posts); subreddit is the script's constant, not recorded per post"
unprefixed_attribution,evaluation,relationship_advice (by script setting only),,iihm6b,"only in reddit_download.py outputs (reddit_raw.json / reddit_posts); subreddit is the script's constant, not recorded per post"
unprefixed_attribution,evaluation,relationship_advice (by script setting only),,ikky7g,"only in reddit_download.py outputs (reddit_raw.json / reddit_posts); subreddit is the script's constant, not recorded per post"
unprefixed_attribution,evaluation,relationship_advice (by script setting only),,illtan,"only in reddit_download.py outputs (reddit_raw.json / reddit_posts); subreddit is the script's constant, not recorded per post"
unprefixed_attribution,evaluation,relationship_advice (by script setting only),,innyw1,"only in reddit_download.py outputs (reddit_raw.json / reddit_posts); subreddit is the script's constant, not recorded per post"
unprefixed_attribution,evaluation,relationship_advice (by script setting only),,ipsvh7,"only in reddit_download.py outputs (reddit_raw.json / reddit_posts); subreddit is the script's constant, not recorded per post"
unprefixed_attribution,evaluation,relationship_advice (by script setting only),,iu9jm2,"only in reddit_download.py outputs (reddit_raw.json / reddit_posts); subreddit is the script's constant, not recorded per post"
unprefixed_attribution,evaluation,relationship_advice (by script setting only),,iuv798,"only in reddit_download.py outputs (reddit_raw.json / reddit_posts); subreddit is the script's constant, not recorded per post"
unprefixed_attribution,evaluation,relationship_advice (by script setting only),,ixv0rh,"only in reddit_download.py outputs (reddit_raw.json / reddit_posts); subreddit is the script's constant, not recorded per post"
unprefixed_attribution,evaluation,relationship_advice (by script setting only),,iz68dn,"only in reddit_download.py outputs (reddit_raw.json / reddit_posts); subreddit is the script's constant, not recorded per post"
unprefixed_attribution,evaluation,relationship_advice (by script setting only),,j2jmsg,"only in reddit_download.py outputs (reddit_raw.json / reddit_posts); subreddit is the script's constant, not recorded per post"
unprefixed_attribution,evaluation,relationship_advice (by script setting only),,j3lj2h,"only in reddit_download.py outputs (reddit_raw.json / reddit_posts); subreddit is the script's constant, not recorded per post"
unprefixed_attribution,evaluation,relationship_advice (by script setting only),,j455mn,"only in reddit_download.py outputs (reddit_raw.json / reddit_posts); subreddit is the script's constant, not recorded per post"
unprefixed_attribution,evaluation,relationship_advice (by script setting only),,m1xe5o,"only in reddit_download.py outputs (reddit_raw.json / reddit_posts); subreddit is the script's constant, not recorded per post"
unprefixed_attribution,annotation_development,relationship_advice (by script setting only),,14dif6a,"only in reddit_download.py outputs (reddit_raw.json / reddit_posts); subreddit is the script's constant, not recorded per post"
unprefixed_attribution,annotation_development,relationship_advice (by script setting only),,1707opw,"only in reddit_download.py outputs (reddit_raw.json / reddit_posts); subreddit is the script's constant, not recorded per post"
unprefixed_attribution,annotation_development,relationship_advice (by script setting only),,1cqqp4l,"only in reddit_download.py outputs (reddit_raw.json / reddit_posts); subreddit is the script's constant, not recorded per post"
unprefixed_attribution,annotation_development,relationship_advice (by script setting only),,8m4kd4,"only in reddit_download.py outputs (reddit_raw.json / reddit_posts); subreddit is the script's constant, not recorded per post"
unprefixed_attribution,annotation_development,relationship_advice (by script setting only),,a4ygtg,"only in reddit_download.py outputs (reddit_raw.json / reddit_posts); subreddit is the script's constant, not recorded per post"
unprefixed_attribution,annotation_development,relationship_advice (by script setting only),,b78m0s,"only in reddit_download.py outputs (reddit_raw.json / reddit_posts); subreddit is the script's constant, not recorded per post"
unprefixed_attribution,annotation_development,relationship_advice (by script setting only),,bm1ivc,"only in reddit_download.py outputs (reddit_raw.json / reddit_posts); subreddit is the script's constant, not recorded per post"
unprefixed_attribution,annotation_development,relationship_advice (by script setting only),,bsfbde,"only in reddit_download.py outputs (reddit_raw.json / reddit_posts); subreddit is the script's constant, not recorded per post"
unprefixed_attribution,annotation_development,relationship_advice (by script setting only),,bty3oi,"only in reddit_download.py outputs (reddit_raw.json / reddit_posts); subreddit is the script's constant, not recorded per post"
unprefixed_attribution,annotation_development,relationship_advice (by script setting only),,c5rn6a,"only in reddit_download.py outputs (reddit_raw.json / reddit_posts); subreddit is the script's constant, not recorded per post"
unprefixed_attribution,annotation_development,relationship_advice (by script setting only),,d2trgo,"only in reddit_download.py outputs (reddit_raw.json / reddit_posts); subreddit is the script's constant, not recorded per post"
unprefixed_attribution,annotation_development,relationship_advice (by script setting only),,di16ij,"only in reddit_download.py outputs (reddit_raw.json / reddit_posts); subreddit is the script's constant, not recorded per post"
unprefixed_attribution,annotation_development,relationship_advice (by script setting only),,ebj5gl,"only in reddit_download.py outputs (reddit_raw.json / reddit_posts); subreddit is the script's constant, not recorded per post"
unprefixed_attribution,annotation_development,relationship_advice (by script setting only),,fi9zhr,"only in reddit_download.py outputs (reddit_raw.json / reddit_posts); subreddit is the script's constant, not recorded per post"
unprefixed_attribution,annotation_development,relationship_advice (by script setting only),,fn2thu,"only in reddit_download.py outputs (reddit_raw.json / reddit_posts); subreddit is the script's constant, not recorded per post"
unprefixed_attribution,annotation_development,relationship_advice (by script setting only),,h015k3,"only in reddit_download.py outputs (reddit_raw.json / reddit_posts); subreddit is the script's constant, not recorded per post"
unprefixed_attribution,annotation_development,relationship_advice (by script setting only),,hj921t,"only in reddit_download.py outputs (reddit_raw.json / reddit_posts); subreddit is the script's constant, not recorded per post"
unprefixed_attribution,annotation_development,relationship_advice (by script setting only),,hn7qho,"only in reddit_download.py outputs (reddit_raw.json / reddit_posts); subreddit is the script's constant, not recorded per post"
unprefixed_attribution,annotation_development,relationship_advice (by script setting only),,ikfcj7,"only in reddit_download.py outputs (reddit_raw.json / reddit_posts); subreddit is the script's constant, not recorded per post"
unprefixed_attribution,annotation_development,relationship_advice (by script setting only),,iv4i4r,"only in reddit_download.py outputs (reddit_raw.json / reddit_posts); subreddit is the script's constant, not recorded per post"
unprefixed_attribution,annotation_development,relationship_advice (by script setting only),,j3u0ud,"only in reddit_download.py outputs (reddit_raw.json / reddit_posts); subreddit is the script's constant, not recorded per post"
