post_id,split,files,n_files,text_found_inside_dev_posts
14dif6a,annotation_development,annotation/rejected/rater1_OFFLINE.csv;annotation/rejected/rater2_OFFLINE.csv;annotation/rejected/rater3_OFFLINE.csv,3,
1707opw,annotation_development,annotation/rejected/rater1_OFFLINE.csv;annotation/rejected/rater2_OFFLINE.csv;annotation/rejected/rater3_OFFLINE.csv,3,
1cqqp4l,annotation_development,annotation/rejected/rater1_OFFLINE.csv;annotation/rejected/rater2_OFFLINE.csv;annotation/rejected/rater3_OFFLINE.csv,3,
8m4kd4,annotation_development,annotation/rejected/rater2_OFFLINE.csv;annotation/rejected/rater3_OFFLINE.csv,2,
BreakUps_10eu5ya,annotation_development,annotation/rejected/rater2_OFFLINE.csv;annotation/rejected/rater3_OFFLINE.csv,2,
BreakUps_10rmemk,annotation_development,annotation/rejected/rater2_OFFLINE.csv;annotation/rejected/rater3_OFFLINE.csv,2,
BreakUps_11zh2uj,annotation_development,annotation/rejected/rater1_OFFLINE.csv;annotation/rejected/rater2_OFFLINE.csv;annotation/rejected/rater3_OFFLINE.csv,3,
BreakUps_1e0fccv,annotation_development,annotation/rejected/rater1_OFFLINE.csv;annotation/rejected/rater2_OFFLINE.csv;annotation/rejected/rater3_OFFLINE.csv,3,
BreakUps_1ewjt4h,annotation_development,annotation/rejected/rater2_OFFLINE.csv;annotation/rejected/rater3_OFFLINE.csv,2,
BreakUps_1f7fsyc,annotation_development,annotation/rejected/rater2_OFFLINE.csv;annotation/rejected/rater3_OFFLINE.csv,2,
BreakUps_1h0jyj3,annotation_development,annotation/rejected/rater1_OFFLINE.csv;annotation/rejected/rater2_OFFLINE.csv;annotation/rejected/rater3_OFFLINE.csv,3,
BreakUps_1jfppdh,annotation_development,annotation/rejected/rater1_OFFLINE.csv;annotation/rejected/rater2_OFFLINE.csv;annotation/rejected/rater3_OFFLINE.csv,3,
BreakUps_1ji336c,annotation_development,annotation/rejected/rater1_OFFLINE.csv;annotation/rejected/rater2_OFFLINE.csv;annotation/rejected/rater3_OFFLINE.csv,3,
BreakUps_1kdlrtr,annotation_development,annotation/rejected/rater2_OFFLINE.csv;annotation/rejected/rater3_OFFLINE.csv,2,
BreakUps_1lvi4gb,annotation_development,annotation/rejected/rater2_OFFLINE.csv;annotation/rejected/rater3_OFFLINE.csv,2,
BreakUps_1lw89gx,annotation_development,annotation/rejected/rater2_OFFLINE.csv;annotation/rejected/rater3_OFFLINE.csv,2,
BreakUps_1m6ab3f,annotation_development,annotation/rejected/rater2_OFFLINE.csv;annotation/rejected/rater3_OFFLINE.csv,2,
BreakUps_1mrx5up,annotation_development,annotation/rejected/rater2_OFFLINE.csv;annotation/rejected/rater3_OFFLINE.csv,2,
BreakUps_1n7qgrj,annotation_development,annotation/rejected/rater2_OFFLINE.csv;annotation/rejected/rater3_OFFLINE.csv,2,
BreakUps_1ohil2d,annotation_development,annotation/rejected/rater1_OFFLINE.csv;annotation/rejected/rater2_OFFLINE.csv;annotation/rejected/rater3_OFFLINE.csv,3,
BreakUps_ak9m5t,annotation_development,annotation/rejected/rater2_OFFLINE.csv;annotation/rejected/rater3_OFFLINE.csv,2,
BreakUps_b9aqih,annotation_development,annotation/rejected/rater1_OFFLINE.csv;annotation/rejected/rater2_OFFLINE.csv;annotation/rejected/rater3_OFFLINE.csv,3,
BreakUps_ekuw9z,annotation_development,annotation/rejected/rater2_OFFLINE.csv;annotation/rejected/rater3_OFFLINE.csv,2,
BreakUps_f3jm73,annotation_development,annotation/rejected/rater1_OFFLINE.csv;annotation/rejected/rater2_OFFLINE.csv;annotation/rejected/rater3_OFFLINE.csv,3,
BreakUps_j9s8pw,annotation_development,annotation/rejected/rater2_OFFLINE.csv;annotation/rejected/rater3_OFFLINE.csv,2,
BreakUps_jyehio,annotation_development,annotation/rejected/rater1_OFFLINE.csv;annotation/rejected/rater2_OFFLINE.csv;annotation/rejected/rater3_OFFLINE.csv,3,
BreakUps_lmzdb9,annotation_development,annotation/rejected/rater2_OFFLINE.csv;annotation/rejected/rater3_OFFLINE.csv,2,
BreakUps_o9ob5s,annotation_development,annotation/rejected/rater1_OFFLINE.csv;annotation/rejected/rater2_OFFLINE.csv;annotation/rejected/rater3_OFFLINE.csv,3,
BreakUps_orh8up,annotation_development,annotation/rejected/rater1_OFFLINE.csv;annotation/rejected/rater2_OFFLINE.csv;annotation/rejected/rater3_OFFLINE.csv,3,
BreakUps_qf88o0,annotation_development,annotation/rejected/rater1_OFFLINE.csv;annotation/rejected/rater2_OFFLINE.csv;annotation/rejected/rater3_OFFLINE.csv,3,
BreakUps_rojpf5,annotation_development,annotation/rejected/rater1_OFFLINE.csv;annotation/rejected/rater2_OFFLINE.csv;annotation/rejected/rater3_OFFLINE.csv,3,
BreakUps_zknm3g,annotation_development,annotation/rejected/rater2_OFFLINE.csv;annotation/rejected/rater3_OFFLINE.csv,2,
a4ygtg,annotation_development,annotation/rejected/rater1_OFFLINE.csv;annotation/rejected/rater2_OFFLINE.csv;annotation/rejected/rater3_OFFLINE.csv,3,
b78m0s,annotation_development,annotation/rejected/rater1_OFFLINE.csv;annotation/rejected/rater2_OFFLINE.csv;annotation/rejected/rater3_OFFLINE.csv,3,
bm1ivc,annotation_development,annotation/rejected/rater1_OFFLINE.csv;annotation/rejected/rater2_OFFLINE.csv;annotation/rejected/rater3_OFFLINE.csv,3,
bsfbde,annotation_development,annotation/rejected/rater1_OFFLINE.csv;annotation/rejected/rater2_OFFLINE.csv;annotation/rejected/rater3_OFFLINE.csv,3,
bty3oi,annotation_development,annotation/rejected/rater1_OFFLINE.csv;annotation/rejected/rater2_OFFLINE.csv;annotation/rejected/rater3_OFFLINE.csv,3,
c5rn6a,annotation_development,annotation/rejected/rater2_OFFLINE.csv;annotation/rejected/rater3_OFFLINE.csv,2,
confession_1hlbfrw,annotation_development,annotation/rejected/rater1_OFFLINE.csv;annotation/rejected/rater2_OFFLINE.csv;annotation/rejected/rater3_OFFLINE.csv,3,
confession_1ib028f,annotation_development,annotation/rejected/rater1_OFFLINE.csv;annotation/rejected/rater2_OFFLINE.csv;annotation/rejected/rater3_OFFLINE.csv,3,
confession_1in54rz,annotation_development,annotation/rejected/rater1_OFFLINE.csv;annotation/rejected/rater2_OFFLINE.csv;annotation/rejected/rater3_OFFLINE.csv,3,
confession_1iundet,annotation_development,annotation/rejected/rater2_OFFLINE.csv;annotation/rejected/rater3_OFFLINE.csv,2,
confession_1ke41lp,annotation_development,annotation/rejected/rater1_OFFLINE.csv;annotation/rejected/rater2_OFFLINE.csv;annotation/rejected/rater3_OFFLINE.csv,3,
confession_1ke8hgy,annotation_development,annotation/rejected/rater2_OFFLINE.csv;annotation/rejected/rater3_OFFLINE.csv,2,
confession_1kei8hh,annotation_development,annotation/rejected/rater1_OFFLINE.csv;annotation/rejected/rater2_OFFLINE.csv;annotation/rejected/rater3_OFFLINE.csv,3,
confession_1mfd8hs,annotation_development,annotation/rejected/rater2_OFFLINE.csv;annotation/rejected/rater3_OFFLINE.csv,2,
confession_1nlun70,annotation_development,annotation/rejected/rater1_OFFLINE.csv;annotation/rejected/rater2_OFFLINE.csv;annotation/rejected/rater3_OFFLINE.csv,3,
confession_1nt26tk,annotation_development,annotation/rejected/rater2_OFFLINE.csv;annotation/rejected/rater3_OFFLINE.csv,2,
confession_1ohtx82,annotation_development,annotation/rejected/rater1_OFFLINE.csv;annotation/rejected/rater2_OFFLINE.csv;annotation/rejected/rater3_OFFLINE.csv,3,
confession_1pv4llv,annotation_development,annotation/rejected/rater1_OFFLINE.csv;annotation/rejected/rater2_OFFLINE.csv;annotation/rejected/rater3_OFFLINE.csv,3,
confession_83rn0w,annotation_development,annotation/rejected/rater2_OFFLINE.csv;annotation/rejected/rater3_OFFLINE.csv,2,
confession_8yilkx,annotation_development,annotation/rejected/rater2_OFFLINE.csv;annotation/rejected/rater3_OFFLINE.csv,2,
confession_9v3zc8,annotation_development,annotation/rejected/rater2_OFFLINE.csv;annotation/rejected/rater3_OFFLINE.csv,2,
confession_adidj1,annotation_development,annotation/rejected/rater1_OFFLINE.csv;annotation/rejected/rater2_OFFLINE.csv;annotation/rejected/rater3_OFFLINE.csv,3,
confession_c11din,annotation_development,annotation/rejected/rater2_OFFLINE.csv;annotation/rejected/rater3_OFFLINE.csv,2,
confession_c2qe5f,annotation_development,annotation/rejected/rater2_OFFLINE.csv;annotation/rejected/rater3_OFFLINE.csv,2,
confession_cetye8,annotation_development,annotation/rejected/rater2_OFFLINE.csv;annotation/rejected/rater3_OFFLINE.csv,2,
confession_d0325z,annotation_development,annotation/rejected/rater2_OFFLINE.csv;annotation/rejected/rater3_OFFLINE.csv,2,
confession_dyybb4,annotation_development,annotation/rejected/rater1_OFFLINE.csv;annotation/rejected/rater2_OFFLINE.csv;annotation/rejected/rater3_OFFLINE.csv,3,
confession_fcyfxr,annotation_development,annotation/rejected/rater1_OFFLINE.csv;annotation/rejected/rater2_OFFLINE.csv;annotation/rejected/rater3_OFFLINE.csv,3,
d2trgo,annotation_development,annotation/rejected/rater2_OFFLINE.csv;annotation/rejected/rater3_OFFLINE.csv,2,
di16ij,annotation_development,annotation/rejected/rater1_OFFLINE.csv;annotation/rejected/rater2_OFFLINE.csv;annotation/rejected/rater3_OFFLINE.csv,3,
ebj5gl,annotation_development,annotation/rejected/rater2_OFFLINE.csv;annotation/rejected/rater3_OFFLINE.csv,2,
emotionalsupport_10jyj2q,annotation_development,annotation/rejected/rater1_OFFLINE.csv;annotation/rejected/rater2_OFFLINE.csv;annotation/rejected/rater3_OFFLINE.csv,3,
emotionalsupport_187t8hc,annotation_development,annotation/rejected/rater2_OFFLINE.csv;annotation/rejected/rater3_OFFLINE.csv,2,
emotionalsupport_1h0ble1,annotation_development,annotation/rejected/rater1_OFFLINE.csv;annotation/rejected/rater2_OFFLINE.csv;annotation/rejected/rater3_OFFLINE.csv,3,
emotionalsupport_1ib1hiy,annotation_development,annotation/rejected/rater2_OFFLINE.csv;annotation/rejected/rater3_OFFLINE.csv,2,
emotionalsupport_1khfn63,annotation_development,annotation/rejected/rater2_OFFLINE.csv;annotation/rejected/rater3_OFFLINE.csv,2,
emotionalsupport_1nx0f34,annotation_development,annotation/rejected/rater2_OFFLINE.csv;annotation/rejected/rater3_OFFLINE.csv,2,
emotionalsupport_dvoje9,annotation_development,annotation/rejected/rater2_OFFLINE.csv;annotation/rejected/rater3_OFFLINE.csv,2,
emotionalsupport_ff4ysa,annotation_development,annotation/rejected/rater1_OFFLINE.csv;annotation/rejected/rater2_OFFLINE.csv;annotation/rejected/rater3_OFFLINE.csv,3,
emotionalsupport_hqoqy1,annotation_development,annotation/rejected/rater1_OFFLINE.csv;annotation/rejected/rater2_OFFLINE.csv;annotation/rejected/rater3_OFFLINE.csv,3,
emotionalsupport_j5mhue,annotation_development,annotation/rejected/rater2_OFFLINE.csv;annotation/rejected/rater3_OFFLINE.csv,2,
emotionalsupport_jsqkvn,annotation_development,annotation/rejected/rater1_OFFLINE.csv;annotation/rejected/rater2_OFFLINE.csv;annotation/rejected/rater3_OFFLINE.csv,3,
emotionalsupport_jvzw0t,annotation_development,annotation/rejected/rater2_OFFLINE.csv;annotation/rejected/rater3_OFFLINE.csv,2,
emotionalsupport_kipjgh,annotation_development,annotation/rejected/rater2_OFFLINE.csv;annotation/rejected/rater3_OFFLINE.csv,2,
emotionalsupport_ln6yo1,annotation_development,annotation/rejected/rater1_OFFLINE.csv;annotation/rejected/rater2_OFFLINE.csv;annotation/rejected/rater3_OFFLINE.csv,3,
emotionalsupport_ly0v3v,annotation_development,annotation/rejected/rater2_OFFLINE.csv;annotation/rejected/rater3_OFFLINE.csv,2,
emotionalsupport_lz2rga,annotation_development,annotation/rejected/rater2_OFFLINE.csv;annotation/rejected/rater3_OFFLINE.csv,2,
emotionalsupport_mao6tv,annotation_development,annotation/rejected/rater2_OFFLINE.csv;annotation/rejected/rater3_OFFLINE.csv,2,
emotionalsupport_osbv1c,annotation_development,annotation/rejected/rater2_OFFLINE.csv;annotation/rejected/rater3_OFFLINE.csv,2,
emotionalsupport_p7ot3q,annotation_development,annotation/rejected/rater2_OFFLINE.csv;annotation/rejected/rater3_OFFLINE.csv,2,
emotionalsupport_sbkz69,annotation_development,annotation/rejected/rater2_OFFLINE.csv;annotation/rejected/rater3_OFFLINE.csv,2,
emotionalsupport_snh016,annotation_development,annotation/rejected/rater2_OFFLINE.csv;annotation/rejected/rater3_OFFLINE.csv,2,
emotionalsupport_spw6es,annotation_development,annotation/rejected/rater1_OFFLINE.csv;annotation/rejected/rater2_OFFLINE.csv;annotation/rejected/rater3_OFFLINE.csv,3,
fi9zhr,annotation_development,annotation/rejected/rater2_OFFLINE.csv;annotation/rejected/rater3_OFFLINE.csv,2,
fn2thu,annotation_development,annotation/rejected/rater2_OFFLINE.csv;annotation/rejected/rater3_OFFLINE.csv,2,
h015k3,annotation_development,annotation/rejected/rater1_OFFLINE.csv;annotation/rejected/rater2_OFFLINE.csv;annotation/rejected/rater3_OFFLINE.csv,3,
heartbreak_146yccj,annotation_development,annotation/rejected/rater1_OFFLINE.csv;annotation/rejected/rater2_OFFLINE.csv;annotation/rejected/rater3_OFFLINE.csv,3,
hj921t,annotation_development,annotation/rejected/rater1_OFFLINE.csv;annotation/rejected/rater2_OFFLINE.csv;annotation/rejected/rater3_OFFLINE.csv,3,
hn7qho,annotation_development,annotation/rejected/rater1_OFFLINE.csv;annotation/rejected/rater2_OFFLINE.csv;annotation/rejected/rater3_OFFLINE.csv,3,
ikfcj7,annotation_development,annotation/rejected/rater1_OFFLINE.csv;annotation/rejected/rater2_OFFLINE.csv;annotation/rejected/rater3_OFFLINE.csv,3,
iv4i4r,annotation_development,annotation/rejected/rater2_OFFLINE.csv;annotation/rejected/rater3_OFFLINE.csv,2,
j3u0ud,annotation_development,annotation/rejected/rater1_OFFLINE.csv;annotation/rejected/rater2_OFFLINE.csv;annotation/rejected/rater3_OFFLINE.csv,3,
relationship_advice_a3bk8v,annotation_development,annotation/rejected/rater2_OFFLINE.csv;annotation/rejected/rater3_OFFLINE.csv,2,
relationship_advice_ac9740,annotation_development,annotation/rejected/rater2_OFFLINE.csv;annotation/rejected/rater3_OFFLINE.csv,2,
relationship_advice_b1izig,annotation_development,annotation/rejected/rater2_OFFLINE.csv;annotation/rejected/rater3_OFFLINE.csv,2,
relationship_advice_b1tpdw,annotation_development,annotation/rejected/rater2_OFFLINE.csv;annotation/rejected/rater3_OFFLINE.csv,2,
relationship_advice_b8kigy,annotation_development,annotation/rejected/rater2_OFFLINE.csv;annotation/rejected/rater3_OFFLINE.csv,2,
relationship_advice_beskkf,annotation_development,annotation/rejected/rater2_OFFLINE.csv;annotation/rejected/rater3_OFFLINE.csv,2,
relationship_advice_bkft0r,annotation_development,annotation/rejected/rater2_OFFLINE.csv;annotation/rejected/rater3_OFFLINE.csv,2,
relationship_advice_c225le,annotation_development,annotation/rejected/rater1_OFFLINE.csv;annotation/rejected/rater2_OFFLINE.csv;annotation/rejected/rater3_OFFLINE.csv,3,
relationship_advice_cdzjre,annotation_development,annotation/rejected/rater1_OFFLINE.csv;annotation/rejected/rater2_OFFLINE.csv;annotation/rejected/rater3_OFFLINE.csv,3,
relationship_advice_csw8po,annotation_development,annotation/rejected/rater2_OFFLINE.csv;annotation/rejected/rater3_OFFLINE.csv,2,
relationship_advice_dicrrh,annotation_development,annotation/rejected/rater2_OFFLINE.csv;annotation/rejected/rater3_OFFLINE.csv,2,
relationship_advice_e6fs4c,annotation_development,annotation/rejected/rater2_OFFLINE.csv;annotation/rejected/rater3_OFFLINE.csv,2,
relationship_advice_eiyhsn,annotation_development,annotation/rejected/rater1_OFFLINE.csv;annotation/rejected/rater2_OFFLINE.csv;annotation/rejected/rater3_OFFLINE.csv,3,
relationship_advice_etbkyi,annotation_development,annotation/rejected/rater2_OFFLINE.csv;annotation/rejected/rater3_OFFLINE.csv,2,
relationship_advice_ezivwn,annotation_development,annotation/rejected/rater2_OFFLINE.csv;annotation/rejected/rater3_OFFLINE.csv,2,
relationship_advice_fbpotp,annotation_development,annotation/rejected/rater2_OFFLINE.csv;annotation/rejected/rater3_OFFLINE.csv,2,
relationship_advice_fd6kbb,annotation_development,annotation/rejected/rater1_OFFLINE.csv;annotation/rejected/rater2_OFFLINE.csv;annotation/rejected/rater3_OFFLINE.csv,3,
relationship_advice_fg0h4o,annotation_development,annotation/rejected/rater2_OFFLINE.csv;annotation/rejected/rater3_OFFLINE.csv,2,
relationship_advice_fs938m,annotation_development,annotation/rejected/rater2_OFFLINE.csv;annotation/rejected/rater3_OFFLINE.csv,2,
relationship_advice_fwog3j,annotation_development,annotation/rejected/rater1_OFFLINE.csv;annotation/rejected/rater2_OFFLINE.csv;annotation/rejected/rater3_OFFLINE.csv,3,
relationship_advice_g6tgz5,annotation_development,annotation/rejected/rater2_OFFLINE.csv;annotation/rejected/rater3_OFFLINE.csv,2,
relationship_advice_g9j503,annotation_development,annotation/rejected/rater1_OFFLINE.csv;annotation/rejected/rater2_OFFLINE.csv;annotation/rejected/rater3_OFFLINE.csv,3,
relationship_advice_ghqrce,annotation_development,annotation/rejected/rater1_OFFLINE.csv;annotation/rejected/rater2_OFFLINE.csv;annotation/rejected/rater3_OFFLINE.csv,3,
relationship_advice_hi97h9,annotation_development,annotation/rejected/rater1_OFFLINE.csv;annotation/rejected/rater2_OFFLINE.csv;annotation/rejected/rater3_OFFLINE.csv,3,
relationship_advice_hk02fz,annotation_development,annotation/rejected/rater2_OFFLINE.csv;annotation/rejected/rater3_OFFLINE.csv,2,
relationship_advice_hkx57u,annotation_development,annotation/rejected/rater1_OFFLINE.csv;annotation/rejected/rater2_OFFLINE.csv;annotation/rejected/rater3_OFFLINE.csv,3,
relationship_advice_ho0thi,annotation_development,annotation/rejected/rater1_OFFLINE.csv;annotation/rejected/rater2_OFFLINE.csv;annotation/rejected/rater3_OFFLINE.csv,3,
relationship_advice_htk8ia,annotation_development,annotation/rejected/rater1_OFFLINE.csv;annotation/rejected/rater2_OFFLINE.csv;annotation/rejected/rater3_OFFLINE.csv,3,
relationship_advice_hyx61u,annotation_development,annotation/rejected/rater1_OFFLINE.csv;annotation/rejected/rater2_OFFLINE.csv;annotation/rejected/rater3_OFFLINE.csv,3,
relationship_advice_hzps4h,annotation_development,annotation/rejected/rater1_OFFLINE.csv;annotation/rejected/rater2_OFFLINE.csv;annotation/rejected/rater3_OFFLINE.csv,3,
relationship_advice_id1f5u,annotation_development,annotation/rejected/rater2_OFFLINE.csv;annotation/rejected/rater3_OFFLINE.csv,2,
relationship_advice_igdkyo,annotation_development,annotation/rejected/rater1_OFFLINE.csv;annotation/rejected/rater2_OFFLINE.csv;annotation/rejected/rater3_OFFLINE.csv,3,
relationship_advice_ihoydd,annotation_development,annotation/rejected/rater1_OFFLINE.csv;annotation/rejected/rater2_OFFLINE.csv;annotation/rejected/rater3_OFFLINE.csv,3,
relationship_advice_imd5s4,annotation_development,annotation/rejected/rater2_OFFLINE.csv;annotation/rejected/rater3_OFFLINE.csv,2,
relationship_advice_iperqj,annotation_development,annotation/rejected/rater1_OFFLINE.csv;annotation/rejected/rater2_OFFLINE.csv;annotation/rejected/rater3_OFFLINE.csv,3,
relationship_advice_ipmhqp,annotation_development,annotation/rejected/rater2_OFFLINE.csv;annotation/rejected/rater3_OFFLINE.csv,2,
relationship_advice_iygsli,annotation_development,annotation/rejected/rater1_OFFLINE.csv;annotation/rejected/rater2_OFFLINE.csv;annotation/rejected/rater3_OFFLINE.csv,3,
relationship_advice_j0r8au,annotation_development,annotation/rejected/rater1_OFFLINE.csv;annotation/rejected/rater2_OFFLINE.csv;annotation/rejected/rater3_OFFLINE.csv,3,
relationship_advice_j4gqfv,annotation_development,annotation/rejected/rater2_OFFLINE.csv;annotation/rejected/rater3_OFFLINE.csv,2,
relationships_2oi4im,annotation_development,annotation/rejected/rater2_OFFLINE.csv;annotation/rejected/rater3_OFFLINE.csv,2,
relationships_36j7ta,annotation_development,annotation/rejected/rater1_OFFLINE.csv;annotation/rejected/rater2_OFFLINE.csv;annotation/rejected/rater3_OFFLINE.csv,3,
relationships_3as7za,annotation_development,annotation/rejected/rater1_OFFLINE.csv;annotation/rejected/rater2_OFFLINE.csv;annotation/rejected/rater3_OFFLINE.csv,3,
relationships_3cfcsg,annotation_development,annotation/rejected/rater2_OFFLINE.csv;annotation/rejected/rater3_OFFLINE.csv,2,
relationships_3g6btr,annotation_development,annotation/rejected/rater1_OFFLINE.csv;annotation/rejected/rater2_OFFLINE.csv;annotation/rejected/rater3_OFFLINE.csv,3,
relationships_3wsxij,annotation_development,annotation/rejected/rater2_OFFLINE.csv;annotation/rejected/rater3_OFFLINE.csv,2,
relationships_4cyij0,annotation_development,annotation/rejected/rater2_OFFLINE.csv;annotation/rejected/rater3_OFFLINE.csv,2,
relationships_4emd76,annotation_development,annotation/rejected/rater2_OFFLINE.csv;annotation/rejected/rater3_OFFLINE.csv,2,
relationships_4uxn4r,annotation_development,annotation/rejected/rater2_OFFLINE.csv;annotation/rejected/rater3_OFFLINE.csv,2,
relationships_508aoi,annotation_development,annotation/rejected/rater2_OFFLINE.csv;annotation/rejected/rater3_OFFLINE.csv,2,
relationships_52902t,annotation_development,annotation/rejected/rater1_OFFLINE.csv;annotation/rejected/rater2_OFFLINE.csv;annotation/rejected/rater3_OFFLINE.csv,3,
relationships_6pgxrs,annotation_development,annotation/rejected/rater1_OFFLINE.csv;annotation/rejected/rater2_OFFLINE.csv;annotation/rejected/rater3_OFFLINE.csv,3,
relationships_8vxusi,annotation_development,annotation/rejected/rater1_OFFLINE.csv;annotation/rejected/rater2_OFFLINE.csv;annotation/rejected/rater3_OFFLINE.csv,3,
relationships_96htm9,annotation_development,annotation/rejected/rater1_OFFLINE.csv;annotation/rejected/rater2_OFFLINE.csv;annotation/rejected/rater3_OFFLINE.csv,3,
relationships_9aojry,annotation_development,annotation/rejected/rater2_OFFLINE.csv;annotation/rejected/rater3_OFFLINE.csv,2,
relationships_9fxw4r,annotation_development,annotation/rejected/rater1_OFFLINE.csv;annotation/rejected/rater2_OFFLINE.csv;annotation/rejected/rater3_OFFLINE.csv,3,
relationships_9jxf3j,annotation_development,annotation/rejected/rater2_OFFLINE.csv;annotation/rejected/rater3_OFFLINE.csv,2,
relationships_9rknqb,annotation_development,annotation/rejected/rater1_OFFLINE.csv;annotation/rejected/rater2_OFFLINE.csv;annotation/rejected/rater3_OFFLINE.csv,3,
relationships_a54mgo,annotation_development,annotation/rejected/rater1_OFFLINE.csv;annotation/rejected/rater2_OFFLINE.csv;annotation/rejected/rater3_OFFLINE.csv,3,
relationships_b5qsvw,annotation_development,annotation/rejected/rater1_OFFLINE.csv;annotation/rejected/rater2_OFFLINE.csv;annotation/rejected/rater3_OFFLINE.csv,3,
relationships_beku6e,annotation_development,annotation/rejected/rater1_OFFLINE.csv;annotation/rejected/rater2_OFFLINE.csv;annotation/rejected/rater3_OFFLINE.csv,3,
relationships_bio854,annotation_development,annotation/rejected/rater1_OFFLINE.csv;annotation/rejected/rater2_OFFLINE.csv;annotation/rejected/rater3_OFFLINE.csv,3,
relationships_c5gpv6,annotation_development,annotation/rejected/rater1_OFFLINE.csv;annotation/rejected/rater2_OFFLINE.csv;annotation/rejected/rater3_OFFLINE.csv,3,
relationships_c7y2iu,annotation_development,annotation/rejected/rater1_OFFLINE.csv;annotation/rejected/rater2_OFFLINE.csv;annotation/rejected/rater3_OFFLINE.csv,3,
relationships_ckccmq,annotation_development,annotation/rejected/rater2_OFFLINE.csv;annotation/rejected/rater3_OFFLINE.csv,2,
relationships_d6brma,annotation_development,annotation/rejected/rater1_OFFLINE.csv;annotation/rejected/rater2_OFFLINE.csv;annotation/rejected/rater3_OFFLINE.csv,3,
relationships_g7x81m,annotation_development,annotation/rejected/rater1_OFFLINE.csv;annotation/rejected/rater2_OFFLINE.csv;annotation/rejected/rater3_OFFLINE.csv,3,
relationships_h8d3uh,annotation_development,annotation/rejected/rater1_OFFLINE.csv;annotation/rejected/rater2_OFFLINE.csv;annotation/rejected/rater3_OFFLINE.csv,3,
relationships_hbckl2,annotation_development,annotation/rejected/rater1_OFFLINE.csv;annotation/rejected/rater2_OFFLINE.csv;annotation/rejected/rater3_OFFLINE.csv,3,
relationships_ik8t0r,annotation_development,annotation/rejected/rater2_OFFLINE.csv;annotation/rejected/rater3_OFFLINE.csv,2,
relationships_j267bi,annotation_development,annotation/rejected/rater1_OFFLINE.csv;annotation/rejected/rater2_OFFLINE.csv;annotation/rejected/rater3_OFFLINE.csv,3,
relationships_j2hohg,annotation_development,annotation/rejected/rater1_OFFLINE.csv;annotation/rejected/rater2_OFFLINE.csv;annotation/rejected/rater3_OFFLINE.csv,3,
relationships_kqkj9c,annotation_development,annotation/rejected/rater1_OFFLINE.csv;annotation/rejected/rater2_OFFLINE.csv;annotation/rejected/rater3_OFFLINE.csv,3,
relationships_nhr3yo,annotation_development,annotation/rejected/rater1_OFFLINE.csv;annotation/rejected/rater2_OFFLINE.csv;annotation/rejected/rater3_OFFLINE.csv,3,
relationships_qb0cip,annotation_development,annotation/rejected/rater2_OFFLINE.csv;annotation/rejected/rater3_OFFLINE.csv,2,
relationships_vbmdcu,annotation_development,annotation/rejected/rater1_OFFLINE.csv;annotation/rejected/rater2_OFFLINE.csv;annotation/rejected/rater3_OFFLINE.csv,3,
relationships_x51v9y,annotation_development,annotation/rejected/rater2_OFFLINE.csv;annotation/rejected/rater3_OFFLINE.csv,2,
survivinginfidelity_13e6xnr,annotation_development,annotation/rejected/rater1_OFFLINE.csv;annotation/rejected/rater2_OFFLINE.csv;annotation/rejected/rater3_OFFLINE.csv,3,
survivinginfidelity_1pk43m0,annotation_development,annotation/rejected/rater1_OFFLINE.csv;annotation/rejected/rater2_OFFLINE.csv;annotation/rejected/rater3_OFFLINE.csv,3,
survivinginfidelity_b8jzj8,annotation_development,annotation/rejected/rater1_OFFLINE.csv;annotation/rejected/rater2_OFFLINE.csv;annotation/rejected/rater3_OFFLINE.csv,3,
survivinginfidelity_ht9k47,annotation_development,annotation/rejected/rater2_OFFLINE.csv;annotation/rejected/rater3_OFFLINE.csv,2,
survivinginfidelity_ifwebp,annotation_development,annotation/rejected/rater1_OFFLINE.csv;annotation/rejected/rater2_OFFLINE.csv;annotation/rejected/rater3_OFFLINE.csv,3,
survivinginfidelity_j9z1it,annotation_development,annotation/rejected/rater1_OFFLINE.csv;annotation/rejected/rater2_OFFLINE.csv;annotation/rejected/rater3_OFFLINE.csv,3,
survivinginfidelity_jjqevb,annotation_development,annotation/rejected/rater1_OFFLINE.csv;annotation/rejected/rater2_OFFLINE.csv;annotation/rejected/rater3_OFFLINE.csv,3,
survivinginfidelity_jncgbr,annotation_development,annotation/rejected/rater2_OFFLINE.csv;annotation/rejected/rater3_OFFLINE.csv,2,
survivinginfidelity_k4prct,annotation_development,annotation/rejected/rater2_OFFLINE.csv;annotation/rejected/rater3_OFFLINE.csv,2,
survivinginfidelity_k8eo4d,annotation_development,annotation/rejected/rater2_OFFLINE.csv;annotation/rejected/rater3_OFFLINE.csv,2,
survivinginfidelity_k98f2p,annotation_development,annotation/rejected/rater2_OFFLINE.csv;annotation/rejected/rater3_OFFLINE.csv,2,
survivinginfidelity_kagcp5,annotation_development,annotation/rejected/rater1_OFFLINE.csv;annotation/rejected/rater2_OFFLINE.csv;annotation/rejected/rater3_OFFLINE.csv,3,
survivinginfidelity_kmjfuo,annotation_development,annotation/rejected/rater1_OFFLINE.csv;annotation/rejected/rater2_OFFLINE.csv;annotation/rejected/rater3_OFFLINE.csv,3,
survivinginfidelity_kn6p1k,annotation_development,annotation/rejected/rater1_OFFLINE.csv;annotation/rejected/rater2_OFFLINE.csv;annotation/rejected/rater3_OFFLINE.csv,3,
survivinginfidelity_knqyae,annotation_development,annotation/rejected/rater1_OFFLINE.csv;annotation/rejected/rater2_OFFLINE.csv;annotation/rejected/rater3_OFFLINE.csv,3,
survivinginfidelity_koz3nd,annotation_development,annotation/rejected/rater1_OFFLINE.csv;annotation/rejected/rater2_OFFLINE.csv;annotation/rejected/rater3_OFFLINE.csv,3,
survivinginfidelity_kvwgyo,annotation_development,annotation/rejected/rater1_OFFLINE.csv;annotation/rejected/rater2_OFFLINE.csv;annotation/rejected/rater3_OFFLINE.csv,3,
survivinginfidelity_lj79or,annotation_development,annotation/rejected/rater1_OFFLINE.csv;annotation/rejected/rater2_OFFLINE.csv;annotation/rejected/rater3_OFFLINE.csv,3,
survivinginfidelity_ljvlvo,annotation_development,annotation/rejected/rater1_OFFLINE.csv;annotation/rejected/rater2_OFFLINE.csv;annotation/rejected/rater3_OFFLINE.csv,3,
survivinginfidelity_lqx70j,annotation_development,annotation/rejected/rater1_OFFLINE.csv;annotation/rejected/rater2_OFFLINE.csv;annotation/rejected/rater3_OFFLINE.csv,3,
survivinginfidelity_lwzyc9,annotation_development,annotation/rejected/rater2_OFFLINE.csv;annotation/rejected/rater3_OFFLINE.csv,2,
survivinginfidelity_m1yt7s,annotation_development,annotation/rejected/rater2_OFFLINE.csv;annotation/rejected/rater3_OFFLINE.csv,2,
survivinginfidelity_m47t0h,annotation_development,annotation/rejected/rater2_OFFLINE.csv;annotation/rejected/rater3_OFFLINE.csv,2,
survivinginfidelity_mbcwld,annotation_development,annotation/rejected/rater1_OFFLINE.csv;annotation/rejected/rater2_OFFLINE.csv;annotation/rejected/rater3_OFFLINE.csv,3,
survivinginfidelity_mya1a5,annotation_development,annotation/rejected/rater1_OFFLINE.csv;annotation/rejected/rater2_OFFLINE.csv;annotation/rejected/rater3_OFFLINE.csv,3,
survivinginfidelity_o1seb6,annotation_development,annotation/rejected/rater2_OFFLINE.csv;annotation/rejected/rater3_OFFLINE.csv,2,
survivinginfidelity_o4vyhp,annotation_development,annotation/rejected/rater1_OFFLINE.csv;annotation/rejected/rater2_OFFLINE.csv;annotation/rejected/rater3_OFFLINE.csv,3,
survivinginfidelity_or7aqq,annotation_development,annotation/rejected/rater1_OFFLINE.csv;annotation/rejected/rater2_OFFLINE.csv;annotation/rejected/rater3_OFFLINE.csv,3,
survivinginfidelity_sqyg8g,annotation_development,annotation/rejected/rater1_OFFLINE.csv;annotation/rejected/rater2_OFFLINE.csv;annotation/rejected/rater3_OFFLINE.csv,3,
survivinginfidelity_woblua,annotation_development,annotation/rejected/rater1_OFFLINE.csv;annotation/rejected/rater2_OFFLINE.csv;annotation/rejected/rater3_OFFLINE.csv,3,
e35vj6,evaluation,annotation/rejected/rater2_OFFLINE.csv;annotation/rejected/rater3_OFFLINE.csv,2,relationship_advice_e6fs4c
relationship_advice_b6fd8u,evaluation,annotation/rejected/rater1_OFFLINE.csv;annotation/rejected/rater2_OFFLINE.csv;annotation/rejected/rater3_OFFLINE.csv,3,b78m0s
relationship_advice_c13s1w,evaluation,annotation/rejected/rater1_OFFLINE.csv;annotation/rejected/rater2_OFFLINE.csv;annotation/rejected/rater3_OFFLINE.csv,3,relationship_advice_c225le
relationship_advice_fdzm9q,evaluation,annotation/rejected/rater2_OFFLINE.csv;annotation/rejected/rater3_OFFLINE.csv,2,relationship_advice_fg0h4o
relationships_32m5lj,evaluation,annotation/rejected/rater1_OFFLINE.csv;annotation/rejected/rater2_OFFLINE.csv;annotation/rejected/rater3_OFFLINE.csv,3,relationships_36j7ta
relationships_3fwuub,evaluation,annotation/rejected/rater1_OFFLINE.csv;annotation/rejected/rater2_OFFLINE.csv;annotation/rejected/rater3_OFFLINE.csv,3,relationships_3g6btr
relationships_92ssov,evaluation,annotation/rejected/rater1_OFFLINE.csv;annotation/rejected/rater2_OFFLINE.csv;annotation/rejected/rater3_OFFLINE.csv,3,relationships_96htm9
relationships_bctq5b,evaluation,annotation/rejected/rater1_OFFLINE.csv;annotation/rejected/rater2_OFFLINE.csv;annotation/rejected/rater3_OFFLINE.csv,3,relationships_beku6e
relationships_uw5mvv,evaluation,annotation/rejected/rater1_OFFLINE.csv;annotation/rejected/rater2_OFFLINE.csv;annotation/rejected/rater3_OFFLINE.csv,3,relationships_vbmdcu
survivinginfidelity_jgvhp0,evaluation,annotation/rejected/rater1_OFFLINE.csv;annotation/rejected/rater2_OFFLINE.csv;annotation/rejected/rater3_OFFLINE.csv,3,survivinginfidelity_jjqevb
