corpus,system,0.0,0.02,0.05,0.1,0.15,0.2,0.3
goemotions,PLEF,0.4495,0.4492,0.4469,0.4419,0.4278,0.3987,0.3523
goemotions,vader,0.578,0.5787,0.5809,0.5847,0.5877,0.5894,0.6019
goemotions,nrc,0.4792,0.4792,0.4792,0.4792,0.4792,0.4785,0.4785
goemotions,empath,0.4693,0.4693,0.4692,0.4688,0.4679,0.4666,0.4654
goemotions,afinn,0.5944,0.5944,0.6043,0.6078,0.575,0.5049,0.3703
goemotions,huliu,0.5545,0.5545,0.5545,0.5545,0.5545,0.5535,0.5535
goemotions,labmt,0.4115,0.4249,0.436,0.4488,0.4527,0.4545,0.4555
semeval2017,PLEF,0.4261,0.4259,0.4227,0.4113,0.3869,0.3514,0.3043
semeval2017,vader,0.54,0.5399,0.541,0.5469,0.5505,0.5538,0.5601
semeval2017,nrc,0.4495,0.4495,0.4495,0.4495,0.4493,0.4475,0.4475
semeval2017,empath,0.4605,0.4604,0.4604,0.4599,0.4593,0.4584,0.4581
semeval2017,afinn,0.5428,0.5428,0.556,0.5413,0.4682,0.3868,0.2839
semeval2017,huliu,0.5247,0.5247,0.5247,0.5247,0.5247,0.5237,0.5236
semeval2017,labmt,0.3193,0.3259,0.3313,0.3416,0.3458,0.3542,0.3701
meld,PLEF,0.3231,0.3229,0.3214,0.318,0.3061,0.2934,0.2784
meld,vader,0.4042,0.404,0.4044,0.4028,0.4029,0.3988,0.4218
meld,nrc,0.3727,0.3727,0.3727,0.3727,0.3724,0.3722,0.3722
meld,empath,0.3354,0.3354,0.3354,0.3353,0.3346,0.3345,0.3339
meld,afinn,0.4317,0.4317,0.4313,0.416,0.393,0.3463,0.2887
meld,huliu,0.4053,0.4053,0.4053,0.4053,0.4053,0.4053,0.4053
meld,labmt,0.3077,0.3085,0.3096,0.3116,0.3138,0.3148,0.3275
tweeteval,PLEF,0.4244,0.4242,0.4212,0.4127,0.3922,0.3614,0.3141
tweeteval,vader,0.5405,0.5404,0.5414,0.5467,0.5507,0.5538,0.5609
tweeteval,nrc,0.4559,0.4559,0.4559,0.4559,0.4557,0.454,0.4539
tweeteval,empath,0.4631,0.463,0.463,0.4628,0.4622,0.4615,0.4609
tweeteval,afinn,0.5469,0.5469,0.5564,0.5454,0.4813,0.4034,0.2981
tweeteval,huliu,0.5252,0.5252,0.5252,0.5252,0.5251,0.5241,0.524
tweeteval,labmt,0.3292,0.3362,0.3432,0.3531,0.3578,0.3639,0.3772
dailydialog,PLEF,0.4181,0.4182,0.4197,0.4209,0.4199,0.4,0.38
dailydialog,vader,0.3464,0.3473,0.3502,0.3628,0.3704,0.3763,0.4124
dailydialog,nrc,0.3586,0.3586,0.3586,0.3586,0.3586,0.3591,0.3591
dailydialog,empath,0.3924,0.3924,0.3924,0.393,0.3938,0.3943,0.3946
dailydialog,afinn,0.3781,0.3781,0.3947,0.4592,0.4882,0.4839,0.4141
dailydialog,huliu,0.4106,0.4106,0.4106,0.4106,0.4107,0.4112,0.4113
dailydialog,labmt,0.1799,0.1907,0.2055,0.2259,0.2445,0.2614,0.3122
