slot,id,is_repeat,overall_sentiment,turning_point,arc,confidence,notes,seconds,wall_seconds,revisions,scrolled_to_end,saved_at,entry_method
2,confession_1ke41lp,0,neu,0,flat,1,,0,0,0,0,2026-08-29T22:38:58,offline
5,iv4i4r,0,pos,0,flat,4,,0,0,0,0,2026-08-29T22:38:58,offline
10,survivinginfidelity_m1yt7s,0,pos,7,flat,3,,0,0,0,0,2026-08-29T22:38:58,offline
11,BreakUps_1f7fsyc,0,neu,7,flat,1,,0,0,0,0,2026-08-29T22:38:58,offline
12,relationship_advice_ipmhqp,0,neg,58,flat,4,,0,0,0,0,2026-08-29T22:38:58,offline
15,emotionalsupport_1khfn63,0,neu,11,flat,2,,0,0,0,0,2026-08-29T22:38:58,offline
19,confession_83rn0w,0,neu,0,flat,2,,0,0,0,0,2026-08-29T22:38:58,offline
20,relationship_advice_id1f5u,0,neg,3,flat,3,,0,0,0,0,2026-08-29T22:38:58,offline
21,emotionalsupport_osbv1c,0,neg,7,flat,4,,0,0,0,0,2026-08-29T22:38:58,offline
22,confession_1ke8hgy,0,neu,13,flat,2,,0,0,0,0,2026-08-29T22:38:58,offline
23,relationship_advice_bkft0r,0,neu,0,redemptive,3,,0,0,0,0,2026-08-29T22:38:58,offline
24,relationships_4uxn4r,0,neu,8,flat,3,,0,0,0,0,2026-08-29T22:38:58,offline
25,relationships_qb0cip,0,neg,19,flat,4,,0,0,0,0,2026-08-29T22:38:58,offline
28,emotionalsupport_187t8hc,0,neg,6,tragic,3,,0,0,0,0,2026-08-29T22:38:58,offline
29,survivinginfidelity_k8eo4d,0,neg,0,flat,4,,0,0,0,0,2026-08-29T22:38:58,offline
30,relationship_advice_fg0h4o,0,neg,14,flat,4,,0,0,0,0,2026-08-29T22:38:58,offline
31,confession_1nt26tk,0,neg,10,flat,4,,0,0,0,0,2026-08-29T22:38:58,offline
32,confession_1mfd8hs,0,neu,0,redemptive,2,,0,0,0,0,2026-08-29T22:38:58,offline
36,BreakUps_1n7qgrj,0,pos,79,flat,5,,0,0,0,0,2026-08-29T22:38:58,offline
39,emotionalsupport_1nx0f34,0,pos,11,flat,3,,0,0,0,0,2026-08-29T22:38:58,offline
40,confession_8yilkx,0,neg,5,flat,2,,0,0,0,0,2026-08-29T22:38:58,offline
43,ebj5gl,0,neu,14,flat,3,,0,0,0,0,2026-08-29T22:38:58,offline
45,relationship_advice_etbkyi,0,neu,0,redemptive,4,,0,0,0,0,2026-08-29T22:38:58,offline
47,BreakUps_j9s8pw,0,neu,11,flat,2,,0,0,0,0,2026-08-29T22:38:58,offline
48,relationship_advice_g6tgz5,0,neg,0,flat,5,,0,0,0,0,2026-08-29T22:38:58,offline
49,relationship_advice_beskkf,0,neg,0,redemptive,3,,0,0,0,0,2026-08-29T22:38:58,offline
52,emotionalsupport_snh016,0,pos,14,flat,4,,0,0,0,0,2026-08-29T22:38:58,offline
54,BreakUps_1kdlrtr,0,neg,6,redemptive,2,,0,0,0,0,2026-08-29T22:38:58,offline
56,emotionalsupport_dvoje9,0,pos,0,flat,2,,0,0,0,0,2026-08-29T22:38:58,offline
57,emotionalsupport_jvzw0t,0,pos,12,redemptive,4,,0,0,0,0,2026-08-29T22:38:58,offline
59,relationship_advice_e6fs4c,0,pos,38,redemptive,4,,0,0,0,0,2026-08-29T22:38:58,offline
61,c5rn6a,0,pos,31,flat,4,,0,0,0,0,2026-08-29T22:38:58,offline
66,BreakUps_1m6ab3f,0,neg,19,flat,3,,0,0,0,0,2026-08-29T22:38:58,offline
68,survivinginfidelity_jncgbr,0,neg,4,flat,4,,0,0,0,0,2026-08-29T22:38:58,offline
69,relationships_4emd76,0,neg,0,flat,4,,0,0,0,0,2026-08-29T22:38:58,offline
71,BreakUps_zknm3g,0,neu,12,flat,4,,0,0,0,0,2026-08-29T22:38:58,offline
78,relationships_4cyij0,0,neu,15,flat,3,,0,0,0,0,2026-08-29T22:38:58,offline
81,confession_9v3zc8,0,neu,8,flat,3,,0,0,0,0,2026-08-29T22:38:58,offline
84,relationships_ckccmq,0,pos,20,flat,4,,0,0,0,0,2026-08-29T22:38:58,offline
85,confession_c11din,0,neg,0,redemptive,3,,0,0,0,0,2026-08-29T22:38:58,offline
87,relationship_advice_b1izig,0,neu,10,tragic,4,,0,0,0,0,2026-08-29T22:38:58,offline
88,survivinginfidelity_jjqevb,0,neg,7,flat,2,,0,0,0,0,2026-08-29T22:38:58,offline
90,emotionalsupport_kipjgh,0,neg,7,flat,2,,0,0,0,0,2026-08-29T22:38:58,offline
91,relationships_3cfcsg,0,neg,38,flat,4,,0,0,0,0,2026-08-29T22:38:58,offline
92,relationship_advice_ac9740,0,pos,14,flat,2,,0,0,0,0,2026-08-29T22:38:58,offline
94,relationships_9jxf3j,0,neg,10,flat,5,,0,0,0,0,2026-08-29T22:38:58,offline
95,relationship_advice_j4gqfv,0,pos,3,tragic,5,,0,0,0,0,2026-08-29T22:38:58,offline
98,BreakUps_1lvi4gb,0,pos,0,flat,4,,0,0,0,0,2026-08-29T22:38:58,offline
99,d2trgo,0,neu,18,flat,2,,0,0,0,0,2026-08-29T22:38:58,offline
100,confession_83rn0w,1,neu,4,flat,2,,0,0,0,0,2026-08-29T22:38:58,offline
102,BreakUps_rojpf5,0,neu,7,flat,2,,0,0,0,0,2026-08-29T22:38:58,offline
105,BreakUps_1jfppdh,0,neg,34,flat,3,,0,0,0,0,2026-08-29T22:38:58,offline
106,j3u0ud,0,pos,7,flat,4,,0,0,0,0,2026-08-29T22:38:58,offline
109,emotionalsupport_spw6es,0,neg,2,flat,2,,0,0,0,0,2026-08-29T22:38:58,offline
111,BreakUps_o9ob5s,0,pos,11,flat,4,,0,0,0,0,2026-08-29T22:38:58,offline
113,relationships_6pgxrs,0,pos,14,flat,4,,0,0,0,0,2026-08-29T22:38:58,offline
115,survivinginfidelity_13e6xnr,0,pos,9,flat,3,,0,0,0,0,2026-08-29T22:38:58,offline
116,14dif6a,0,neg,7,flat,5,,0,0,0,0,2026-08-29T22:38:58,offline
117,bty3oi,0,neu,9,flat,2,,0,0,0,0,2026-08-29T22:38:58,offline
118,relationships_bio854,0,neu,4,flat,3,,0,0,0,0,2026-08-29T22:38:58,offline
119,emotionalsupport_1h0ble1,0,neu,5,flat,2,,0,0,0,0,2026-08-29T22:38:58,offline
122,relationships_36j7ta,0,pos,0,flat,3,,0,0,0,0,2026-08-29T22:38:58,offline
123,confession_1pv4llv,0,pos,2,tragic,5,,0,0,0,0,2026-08-29T22:38:58,offline
124,survivinginfidelity_mbcwld,0,neg,36,flat,3,,0,0,0,0,2026-08-29T22:38:58,offline
129,confession_1ohtx82,0,neu,9,flat,3,,0,0,0,0,2026-08-29T22:38:58,offline
132,survivinginfidelity_jjqevb,1,neg,7,flat,3,,0,0,0,0,2026-08-29T22:38:58,offline
137,relationship_advice_hkx57u,0,pos,30,redemptive,5,,0,0,0,0,2026-08-29T22:38:58,offline
139,survivinginfidelity_b8jzj8,0,pos,6,flat,3,,0,0,0,0,2026-08-29T22:38:58,offline
140,survivinginfidelity_1pk43m0,0,neg,0,flat,4,,0,0,0,0,2026-08-29T22:38:58,offline
144,relationship_advice_ihoydd,0,pos,21,tragic,3,,0,0,0,0,2026-08-29T22:38:58,offline
146,survivinginfidelity_j9z1it,0,neu,26,flat,3,,0,0,0,0,2026-08-29T22:38:58,offline
148,BreakUps_1jfppdh,1,neg,4,flat,2,,0,0,0,0,2026-08-29T22:38:58,offline
149,relationship_advice_j0r8au,0,pos,5,flat,2,,0,0,0,0,2026-08-29T22:38:58,offline
151,relationship_advice_hzps4h,0,pos,0,flat,5,,0,0,0,0,2026-08-29T22:38:58,offline
153,relationships_kqkj9c,0,pos,8,tragic,4,,0,0,0,0,2026-08-29T22:38:58,offline
156,relationships_c7y2iu,0,pos,19,tragic,2,,0,0,0,0,2026-08-29T22:38:58,offline
159,j3u0ud,1,pos,0,flat,4,,0,0,0,0,2026-08-29T22:38:58,offline
162,survivinginfidelity_or7aqq,0,pos,2,redemptive,2,,0,0,0,0,2026-08-29T22:38:58,offline
164,relationships_hbckl2,0,pos,0,flat,5,,0,0,0,0,2026-08-29T22:38:58,offline
165,BreakUps_1e0fccv,0,pos,90,flat,4,,0,0,0,0,2026-08-29T22:38:58,offline
168,BreakUps_1h0jyj3,0,neu,8,flat,2,,0,0,0,0,2026-08-29T22:38:58,offline
169,emotionalsupport_hqoqy1,0,neu,0,tragic,1,,0,0,0,0,2026-08-29T22:38:58,offline
171,survivinginfidelity_kagcp5,0,pos,30,flat,4,,0,0,0,0,2026-08-29T22:38:58,offline
172,survivinginfidelity_ljvlvo,0,neu,6,flat,4,,0,0,0,0,2026-08-29T22:38:58,offline
173,relationships_nhr3yo,0,neg,0,flat,3,,0,0,0,0,2026-08-29T22:38:58,offline
174,survivinginfidelity_o4vyhp,0,neg,6,flat,3,,0,0,0,0,2026-08-29T22:38:58,offline
179,survivinginfidelity_kn6p1k,0,pos,28,flat,4,,0,0,0,0,2026-08-29T22:38:58,offline
182,confession_1kei8hh,0,pos,2,flat,4,,0,0,0,0,2026-08-29T22:38:58,offline
183,BreakUps_jyehio,0,neu,3,flat,2,,0,0,0,0,2026-08-29T22:38:58,offline
185,relationship_advice_ho0thi,0,neg,33,flat,3,,0,0,0,0,2026-08-29T22:38:58,offline
186,confession_adidj1,0,pos,3,flat,4,,0,0,0,0,2026-08-29T22:38:58,offline
189,BreakUps_orh8up,0,pos,38,flat,4,,0,0,0,0,2026-08-29T22:38:58,offline
191,1707opw,0,neu,9,flat,3,,0,0,0,0,2026-08-29T22:38:58,offline
192,relationship_advice_cdzjre,0,neu,0,flat,4,,0,0,0,0,2026-08-29T22:38:58,offline
193,relationships_9fxw4r,0,neu,22,flat,2,,0,0,0,0,2026-08-29T22:38:58,offline
195,confession_1ib028f,0,neg,8,flat,5,,0,0,0,0,2026-08-29T22:38:58,offline
196,ikfcj7,0,neg,20,flat,4,,0,0,0,0,2026-08-29T22:38:58,offline
197,BreakUps_1ji336c,0,neu,0,tragic,4,,0,0,0,0,2026-08-29T22:38:58,offline
201,confession_1ke41lp,1,neu,4,flat,2,,0,0,0,0,2026-08-29T22:38:58,offline
202,bsfbde,0,neu,38,flat,3,,0,0,0,0,2026-08-29T22:38:58,offline
206,BreakUps_o9ob5s,1,neu,6,flat,3,,0,0,0,0,2026-08-29T22:38:58,offline
208,relationship_advice_c225le,0,neg,31,flat,3,,0,0,0,0,2026-08-29T22:38:58,offline
209,BreakUps_1e0fccv,1,neu,0,flat,4,,0,0,0,0,2026-08-29T22:38:58,offline
210,survivinginfidelity_woblua,0,neg,5,flat,4,,0,0,0,0,2026-08-29T22:38:58,offline
212,survivinginfidelity_kmjfuo,0,neg,0,flat,4,,0,0,0,0,2026-08-29T22:38:58,offline
214,emotionalsupport_jsqkvn,0,pos,0,redemptive,3,,0,0,0,0,2026-08-29T22:38:58,offline
217,survivinginfidelity_or7aqq,1,pos,2,flat,2,,0,0,0,0,2026-08-29T22:38:58,offline
218,emotionalsupport_ff4ysa,0,neu,5,flat,1,,0,0,0,0,2026-08-29T22:38:58,offline
